architecture,seed,condition,mode,channel,fault_id,runs,threshold,auroc,auprc,pre_fpr,detected_ratio,censored_delay_mean,task_id,block_length,draws
tcn,47,loo_sample_XMV_10_B20_D03,loo_sample,10.0,4,20,0.859747052192688,0.5135275332225914,0.6220240291435525,0.01075,1.0,2.0,tcn|S47|F4|XMV10|B20|D03,20.0,3
tcn,47,original,original,,4,20,0.8590851426124573,0.7020811254152823,0.7569948573054645,0.01075,1.0,2.0,tcn|S47|F4|original,,1
tcn,47,loo_sample_XMV_07_B20_D03,loo_sample,7.0,19,20,0.8600465059280396,0.7763049833887044,0.8593860637424491,0.01025,1.0,51.4,tcn|S47|F19|XMV07|B20|D03,20.0,3
tcn,47,loo_sample_XMV_08_B20_D03,loo_sample,8.0,19,20,0.8598613142967224,0.8469230274086379,0.9100388357364344,0.01,1.0,37.15,tcn|S47|F19|XMV08|B20|D03,20.0,3
tcn,47,original,original,,19,20,0.8590851426124573,0.9085518895348837,0.9477470178750291,0.01,1.0,32.55,tcn|S47|F19|original,,1
tcn,47,loo_sample_XMV_02_B20_D03,loo_sample,2.0,25,20,0.8608929514884949,0.6254522840531561,0.7203899739586532,0.00675,0.1,285.9,tcn|S47|F25|XMV02|B20|D03,20.0,3
tcn,47,original,original,,25,20,0.8590851426124573,0.912790053986711,0.9527328813603471,0.00725,1.0,19.4,tcn|S47|F25|original,,1
transformer,47,loo_sample_XMV_10_B20_D03,loo_sample,10.0,4,20,0.8323159217834473,0.5173602990033223,0.6254190334234719,0.012,1.0,2.0,transformer|S47|F4|XMV10|B20|D03,20.0,3
transformer,47,original,original,,4,20,0.8325350880622864,0.6292299003322259,0.7091653509297994,0.01175,1.0,2.0,transformer|S47|F4|original,,1
transformer,47,loo_sample_XMV_07_B20_D03,loo_sample,7.0,19,20,0.8327253460884094,0.7746145141196014,0.8504251181564085,0.00975,1.0,72.0,transformer|S47|F19|XMV07|B20|D03,20.0,3
transformer,47,loo_sample_XMV_08_B20_D03,loo_sample,8.0,19,20,0.8330870270729065,0.8632429194352159,0.9189855466483972,0.00875,1.0,40.8,transformer|S47|F19|XMV08|B20|D03,20.0,3
transformer,47,original,original,,19,20,0.8325350880622864,0.9063349044850498,0.9447364671530353,0.00925,1.0,39.2,transformer|S47|F19|original,,1
transformer,47,loo_sample_XMV_02_B20_D03,loo_sample,2.0,25,20,0.8343679308891296,0.6638789867109635,0.7602676549217816,0.00825,0.45,231.7,transformer|S47|F25|XMV02|B20|D03,20.0,3
transformer,47,original,original,,25,20,0.8325350880622864,0.9383922757475083,0.9662616782976843,0.0085,1.0,20.95,transformer|S47|F25|original,,1
