architecture,seed,condition,mode,channel,fault_id,run_index,auroc,auprc,pre_fpr,alarm_delay_censored,task_id,block_length,draws
tcn,47,loo_sample_XMV_10_B20_D03,loo_sample,10.0,4,380,0.51921926910299,0.6158597419449645,0.01,2,tcn|S47|F4|XMV10|B20|D03,20.0,3
tcn,47,loo_sample_XMV_10_B20_D03,loo_sample,10.0,4,381,0.499468438538206,0.6036461035700605,0.015,2,tcn|S47|F4|XMV10|B20|D03,20.0,3
tcn,47,loo_sample_XMV_10_B20_D03,loo_sample,10.0,4,382,0.49921926910299,0.6140885449721611,0.0,2,tcn|S47|F4|XMV10|B20|D03,20.0,3
tcn,47,loo_sample_XMV_10_B20_D03,loo_sample,10.0,4,383,0.47043189368770766,0.5918358902424957,0.015,2,tcn|S47|F4|XMV10|B20|D03,20.0,3
tcn,47,loo_sample_XMV_10_B20_D03,loo_sample,10.0,4,384,0.5243687707641196,0.6337658625489193,0.01,2,tcn|S47|F4|XMV10|B20|D03,20.0,3
tcn,47,loo_sample_XMV_10_B20_D03,loo_sample,10.0,4,385,0.5349003322259136,0.6343808465649526,0.01,2,tcn|S47|F4|XMV10|B20|D03,20.0,3
tcn,47,loo_sample_XMV_10_B20_D03,loo_sample,10.0,4,386,0.5402906976744186,0.6377364648156497,0.015,2,tcn|S47|F4|XMV10|B20|D03,20.0,3
tcn,47,loo_sample_XMV_10_B20_D03,loo_sample,10.0,4,387,0.4980232558139535,0.6216189769970578,0.015,2,tcn|S47|F4|XMV10|B20|D03,20.0,3
tcn,47,loo_sample_XMV_10_B20_D03,loo_sample,10.0,4,388,0.5072259136212625,0.6140373028142243,0.01,2,tcn|S47|F4|XMV10|B20|D03,20.0,3
tcn,47,loo_sample_XMV_10_B20_D03,loo_sample,10.0,4,389,0.5362458471760797,0.6250459892922094,0.01,2,tcn|S47|F4|XMV10|B20|D03,20.0,3
tcn,47,loo_sample_XMV_10_B20_D03,loo_sample,10.0,4,390,0.5196179401993355,0.6291885275802022,0.005,2,tcn|S47|F4|XMV10|B20|D03,20.0,3
tcn,47,loo_sample_XMV_10_B20_D03,loo_sample,10.0,4,391,0.5107807308970099,0.6168255607835138,0.02,2,tcn|S47|F4|XMV10|B20|D03,20.0,3
tcn,47,loo_sample_XMV_10_B20_D03,loo_sample,10.0,4,392,0.5072757475083056,0.6337803632875663,0.01,2,tcn|S47|F4|XMV10|B20|D03,20.0,3
tcn,47,loo_sample_XMV_10_B20_D03,loo_sample,10.0,4,393,0.5200830564784054,0.6276240996651656,0.005,2,tcn|S47|F4|XMV10|B20|D03,20.0,3
tcn,47,loo_sample_XMV_10_B20_D03,loo_sample,10.0,4,394,0.5105647840531562,0.6260066725385209,0.01,2,tcn|S47|F4|XMV10|B20|D03,20.0,3
tcn,47,loo_sample_XMV_10_B20_D03,loo_sample,10.0,4,395,0.5221428571428571,0.6495213561436963,0.01,2,tcn|S47|F4|XMV10|B20|D03,20.0,3
tcn,47,loo_sample_XMV_10_B20_D03,loo_sample,10.0,4,396,0.5433554817275748,0.6632549620400093,0.005,2,tcn|S47|F4|XMV10|B20|D03,20.0,3
tcn,47,loo_sample_XMV_10_B20_D03,loo_sample,10.0,4,397,0.5193189368770764,0.6307404242888974,0.01,2,tcn|S47|F4|XMV10|B20|D03,20.0,3
tcn,47,loo_sample_XMV_10_B20_D03,loo_sample,10.0,4,398,0.5118106312292359,0.625206359768973,0.01,2,tcn|S47|F4|XMV10|B20|D03,20.0,3
tcn,47,loo_sample_XMV_10_B20_D03,loo_sample,10.0,4,399,0.4790697674418605,0.5966494853412658,0.02,2,tcn|S47|F4|XMV10|B20|D03,20.0,3
tcn,47,original,original,,4,380,0.7092691029900332,0.7632074429182063,0.01,2,tcn|S47|F4|original,,1
tcn,47,original,original,,4,381,0.695016611295681,0.7538700181172914,0.015,2,tcn|S47|F4|original,,1
tcn,47,original,original,,4,382,0.7100664451827242,0.7607300602379407,0.0,2,tcn|S47|F4|original,,1
tcn,47,original,original,,4,383,0.6604485049833887,0.7178113053281568,0.015,2,tcn|S47|F4|original,,1
tcn,47,original,original,,4,384,0.7020930232558139,0.7628482783139869,0.01,2,tcn|S47|F4|original,,1
tcn,47,original,original,,4,385,0.7103820598006645,0.7558291976962819,0.01,2,tcn|S47|F4|original,,1
tcn,47,original,original,,4,386,0.7319269102990034,0.7747541206164408,0.015,2,tcn|S47|F4|original,,1
tcn,47,original,original,,4,387,0.6983720930232559,0.7603374709057653,0.015,2,tcn|S47|F4|original,,1
tcn,47,original,original,,4,388,0.6917109634551495,0.7468711824637032,0.01,2,tcn|S47|F4|original,,1
tcn,47,original,original,,4,389,0.7074418604651163,0.7540348519807407,0.01,2,tcn|S47|F4|original,,1
tcn,47,original,original,,4,390,0.7132225913621263,0.7639426418350462,0.005,2,tcn|S47|F4|original,,1
tcn,47,original,original,,4,391,0.69921926910299,0.7453649478353535,0.02,2,tcn|S47|F4|original,,1
tcn,47,original,original,,4,392,0.7016112956810632,0.7663103758437134,0.01,2,tcn|S47|F4|original,,1
tcn,47,original,original,,4,393,0.6741362126245847,0.7359700840084747,0.005,2,tcn|S47|F4|original,,1
tcn,47,original,original,,4,394,0.7125913621262459,0.7745137504907954,0.01,2,tcn|S47|F4|original,,1
tcn,47,original,original,,4,395,0.7162126245847176,0.7876292951957065,0.01,2,tcn|S47|F4|original,,1
tcn,47,original,original,,4,396,0.7277076411960133,0.7953102140447612,0.005,2,tcn|S47|F4|original,,1
tcn,47,original,original,,4,397,0.709983388704319,0.7718081289478931,0.01,2,tcn|S47|F4|original,,1
tcn,47,original,original,,4,398,0.6997674418604651,0.7565145432936711,0.01,2,tcn|S47|F4|original,,1
tcn,47,original,original,,4,399,0.6704485049833887,0.7162616236794235,0.02,2,tcn|S47|F4|original,,1
tcn,47,loo_sample_XMV_07_B20_D03,loo_sample,7.0,19,1880,0.7733388704318936,0.8610247852948453,0.02,60,tcn|S47|F19|XMV07|B20|D03,20.0,3
tcn,47,loo_sample_XMV_07_B20_D03,loo_sample,7.0,19,1881,0.6908637873754153,0.7847713955984891,0.02,83,tcn|S47|F19|XMV07|B20|D03,20.0,3
tcn,47,loo_sample_XMV_07_B20_D03,loo_sample,7.0,19,1882,0.7600332225913621,0.8441035114489776,0.03,46,tcn|S47|F19|XMV07|B20|D03,20.0,3
tcn,47,loo_sample_XMV_07_B20_D03,loo_sample,7.0,19,1883,0.8791029900332226,0.9290025876564078,0.01,31,tcn|S47|F19|XMV07|B20|D03,20.0,3
tcn,47,loo_sample_XMV_07_B20_D03,loo_sample,7.0,19,1884,0.7431229235880399,0.839038062159053,0.01,32,tcn|S47|F19|XMV07|B20|D03,20.0,3
tcn,47,loo_sample_XMV_07_B20_D03,loo_sample,7.0,19,1885,0.7596677740863788,0.8446407725986543,0.02,34,tcn|S47|F19|XMV07|B20|D03,20.0,3
tcn,47,loo_sample_XMV_07_B20_D03,loo_sample,7.0,19,1886,0.8474916943521594,0.9085289293790955,0.005,56,tcn|S47|F19|XMV07|B20|D03,20.0,3
tcn,47,loo_sample_XMV_07_B20_D03,loo_sample,7.0,19,1887,0.7494019933554817,0.8373869228709874,0.01,60,tcn|S47|F19|XMV07|B20|D03,20.0,3
tcn,47,loo_sample_XMV_07_B20_D03,loo_sample,7.0,19,1888,0.7357641196013289,0.8171989415156137,0.005,38,tcn|S47|F19|XMV07|B20|D03,20.0,3
tcn,47,loo_sample_XMV_07_B20_D03,loo_sample,7.0,19,1889,0.8015946843853821,0.8803160368773228,0.01,50,tcn|S47|F19|XMV07|B20|D03,20.0,3
tcn,47,loo_sample_XMV_07_B20_D03,loo_sample,7.0,19,1890,0.877093023255814,0.9284302604791875,0.0,38,tcn|S47|F19|XMV07|B20|D03,20.0,3
tcn,47,loo_sample_XMV_07_B20_D03,loo_sample,7.0,19,1891,0.736063122923588,0.8364981931753275,0.005,80,tcn|S47|F19|XMV07|B20|D03,20.0,3
tcn,47,loo_sample_XMV_07_B20_D03,loo_sample,7.0,19,1892,0.6721594684385382,0.7805705047362225,0.005,100,tcn|S47|F19|XMV07|B20|D03,20.0,3
tcn,47,loo_sample_XMV_07_B20_D03,loo_sample,7.0,19,1893,0.7725415282392026,0.8524900377262058,0.005,40,tcn|S47|F19|XMV07|B20|D03,20.0,3
tcn,47,loo_sample_XMV_07_B20_D03,loo_sample,7.0,19,1894,0.8316279069767442,0.9012125756109078,0.015,58,tcn|S47|F19|XMV07|B20|D03,20.0,3
tcn,47,loo_sample_XMV_07_B20_D03,loo_sample,7.0,19,1895,0.8060631229235881,0.8761285412132476,0.01,50,tcn|S47|F19|XMV07|B20|D03,20.0,3
tcn,47,loo_sample_XMV_07_B20_D03,loo_sample,7.0,19,1896,0.7758471760797342,0.8526395245959525,0.005,50,tcn|S47|F19|XMV07|B20|D03,20.0,3
tcn,47,loo_sample_XMV_07_B20_D03,loo_sample,7.0,19,1897,0.7435049833887043,0.8428431336117957,0.005,58,tcn|S47|F19|XMV07|B20|D03,20.0,3
tcn,47,loo_sample_XMV_07_B20_D03,loo_sample,7.0,19,1898,0.7452491694352159,0.8425286848496896,0.01,26,tcn|S47|F19|XMV07|B20|D03,20.0,3
tcn,47,loo_sample_XMV_07_B20_D03,loo_sample,7.0,19,1899,0.8240863787375415,0.8843630414027874,0.005,38,tcn|S47|F19|XMV07|B20|D03,20.0,3
tcn,47,loo_sample_XMV_08_B20_D03,loo_sample,8.0,19,1880,0.7488704318936877,0.8488122935913314,0.015,74,tcn|S47|F19|XMV08|B20|D03,20.0,3
tcn,47,loo_sample_XMV_08_B20_D03,loo_sample,8.0,19,1881,0.8361960132890366,0.9060351296641295,0.02,32,tcn|S47|F19|XMV08|B20|D03,20.0,3
tcn,47,loo_sample_XMV_08_B20_D03,loo_sample,8.0,19,1882,0.805548172757475,0.8793448480312748,0.03,18,tcn|S47|F19|XMV08|B20|D03,20.0,3
tcn,47,loo_sample_XMV_08_B20_D03,loo_sample,8.0,19,1883,0.8985215946843854,0.9445861893979474,0.01,20,tcn|S47|F19|XMV08|B20|D03,20.0,3
tcn,47,loo_sample_XMV_08_B20_D03,loo_sample,8.0,19,1884,0.8123920265780731,0.8848234876297119,0.01,48,tcn|S47|F19|XMV08|B20|D03,20.0,3
tcn,47,loo_sample_XMV_08_B20_D03,loo_sample,8.0,19,1885,0.8250830564784053,0.8940527187172359,0.02,26,tcn|S47|F19|XMV08|B20|D03,20.0,3
tcn,47,loo_sample_XMV_08_B20_D03,loo_sample,8.0,19,1886,0.8331893687707641,0.8982395066152318,0.005,31,tcn|S47|F19|XMV08|B20|D03,20.0,3
tcn,47,loo_sample_XMV_08_B20_D03,loo_sample,8.0,19,1887,0.8617774086378738,0.9215933011122706,0.01,30,tcn|S47|F19|XMV08|B20|D03,20.0,3
tcn,47,loo_sample_XMV_08_B20_D03,loo_sample,8.0,19,1888,0.8180066445182724,0.8933766784386079,0.005,28,tcn|S47|F19|XMV08|B20|D03,20.0,3
tcn,47,loo_sample_XMV_08_B20_D03,loo_sample,8.0,19,1889,0.8471760797342193,0.9076681402924177,0.01,38,tcn|S47|F19|XMV08|B20|D03,20.0,3
tcn,47,loo_sample_XMV_08_B20_D03,loo_sample,8.0,19,1890,0.8929734219269103,0.938843966821125,0.0,38,tcn|S47|F19|XMV08|B20|D03,20.0,3
tcn,47,loo_sample_XMV_08_B20_D03,loo_sample,8.0,19,1891,0.8259634551495016,0.8959293252293637,0.005,42,tcn|S47|F19|XMV08|B20|D03,20.0,3
tcn,47,loo_sample_XMV_08_B20_D03,loo_sample,8.0,19,1892,0.819468438538206,0.8904703453356204,0.005,56,tcn|S47|F19|XMV08|B20|D03,20.0,3
tcn,47,loo_sample_XMV_08_B20_D03,loo_sample,8.0,19,1893,0.8495681063122924,0.9123376325112081,0.005,56,tcn|S47|F19|XMV08|B20|D03,20.0,3
tcn,47,loo_sample_XMV_08_B20_D03,loo_sample,8.0,19,1894,0.8866279069767442,0.9359518628409205,0.015,56,tcn|S47|F19|XMV08|B20|D03,20.0,3
tcn,47,loo_sample_XMV_08_B20_D03,loo_sample,8.0,19,1895,0.8861794019933554,0.9340883114159847,0.01,30,tcn|S47|F19|XMV08|B20|D03,20.0,3
tcn,47,loo_sample_XMV_08_B20_D03,loo_sample,8.0,19,1896,0.8539036544850498,0.9124765188271835,0.005,40,tcn|S47|F19|XMV08|B20|D03,20.0,3
tcn,47,loo_sample_XMV_08_B20_D03,loo_sample,8.0,19,1897,0.8504983388704319,0.9117167231765888,0.005,41,tcn|S47|F19|XMV08|B20|D03,20.0,3
tcn,47,loo_sample_XMV_08_B20_D03,loo_sample,8.0,19,1898,0.892392026578073,0.9378890929025921,0.01,18,tcn|S47|F19|XMV08|B20|D03,20.0,3
tcn,47,loo_sample_XMV_08_B20_D03,loo_sample,8.0,19,1899,0.8933554817275747,0.9386598430870032,0.005,21,tcn|S47|F19|XMV08|B20|D03,20.0,3
tcn,47,original,original,,19,1880,0.8508637873754152,0.915884975994164,0.015,60,tcn|S47|F19|original,,1
tcn,47,original,original,,19,1881,0.8926910299003322,0.9390524268761354,0.02,32,tcn|S47|F19|original,,1
tcn,47,original,original,,19,1882,0.8955813953488372,0.9372659990245387,0.03,18,tcn|S47|F19|original,,1
tcn,47,original,original,,19,1883,0.9509136212624585,0.9737865434408827,0.01,20,tcn|S47|F19|original,,1
tcn,47,original,original,,19,1884,0.8784883720930232,0.9274416437663052,0.01,32,tcn|S47|F19|original,,1
tcn,47,original,original,,19,1885,0.893421926910299,0.9367582704930104,0.02,26,tcn|S47|F19|original,,1
tcn,47,original,original,,19,1886,0.9283222591362126,0.9606681391973764,0.005,30,tcn|S47|F19|original,,1
tcn,47,original,original,,19,1887,0.8965282392026578,0.9402323421721535,0.01,26,tcn|S47|F19|original,,1
tcn,47,original,original,,19,1888,0.8704983388704319,0.9236676687195585,0.005,28,tcn|S47|F19|original,,1
tcn,47,original,original,,19,1889,0.9308305647840531,0.9604425568150389,0.01,38,tcn|S47|F19|original,,1
tcn,47,original,original,,19,1890,0.9443023255813954,0.9695910995816628,0.0,30,tcn|S47|F19|original,,1
tcn,47,original,original,,19,1891,0.888671096345515,0.9379583340714938,0.005,40,tcn|S47|F19|original,,1
tcn,47,original,original,,19,1892,0.8869435215946844,0.930803808488844,0.005,40,tcn|S47|F19|original,,1
tcn,47,original,original,,19,1893,0.9048504983388704,0.9440977940536401,0.005,34,tcn|S47|F19|original,,1
tcn,47,original,original,,19,1894,0.9221262458471761,0.9582503473849585,0.015,50,tcn|S47|F19|original,,1
tcn,47,original,original,,19,1895,0.9256312292358804,0.9582301075490047,0.01,30,tcn|S47|F19|original,,1
tcn,47,original,original,,19,1896,0.9308803986710964,0.9602101736266445,0.005,36,tcn|S47|F19|original,,1
tcn,47,original,original,,19,1897,0.8924086378737541,0.9380894767538153,0.005,44,tcn|S47|F19|original,,1
tcn,47,original,original,,19,1898,0.9452657807308971,0.9691091197992397,0.01,16,tcn|S47|F19|original,,1
tcn,47,original,original,,19,1899,0.9434385382059801,0.9669508858265642,0.005,21,tcn|S47|F19|original,,1
tcn,47,loo_sample_XMV_02_B20_D03,loo_sample,2.0,25,2480,0.6444019933554818,0.743743026930213,0.0,302,tcn|S47|F25|XMV02|B20|D03,20.0,3
tcn,47,loo_sample_XMV_02_B20_D03,loo_sample,2.0,25,2481,0.6854318936877076,0.7650497505092195,0.005,302,tcn|S47|F25|XMV02|B20|D03,20.0,3
tcn,47,loo_sample_XMV_02_B20_D03,loo_sample,2.0,25,2482,0.588704318936877,0.6888739703380415,0.0,302,tcn|S47|F25|XMV02|B20|D03,20.0,3
tcn,47,loo_sample_XMV_02_B20_D03,loo_sample,2.0,25,2483,0.6202325581395349,0.7289634565665019,0.01,302,tcn|S47|F25|XMV02|B20|D03,20.0,3
tcn,47,loo_sample_XMV_02_B20_D03,loo_sample,2.0,25,2484,0.6397840531561462,0.7373112794056268,0.005,302,tcn|S47|F25|XMV02|B20|D03,20.0,3
tcn,47,loo_sample_XMV_02_B20_D03,loo_sample,2.0,25,2485,0.6004817275747508,0.7140880946872931,0.0,302,tcn|S47|F25|XMV02|B20|D03,20.0,3
tcn,47,loo_sample_XMV_02_B20_D03,loo_sample,2.0,25,2486,0.619468438538206,0.722130413963247,0.005,190,tcn|S47|F25|XMV02|B20|D03,20.0,3
tcn,47,loo_sample_XMV_02_B20_D03,loo_sample,2.0,25,2487,0.6046511627906976,0.7117603445869455,0.005,302,tcn|S47|F25|XMV02|B20|D03,20.0,3
tcn,47,loo_sample_XMV_02_B20_D03,loo_sample,2.0,25,2488,0.6314950166112957,0.7231973969926487,0.01,302,tcn|S47|F25|XMV02|B20|D03,20.0,3
tcn,47,loo_sample_XMV_02_B20_D03,loo_sample,2.0,25,2489,0.5997508305647841,0.705329105111101,0.0,302,tcn|S47|F25|XMV02|B20|D03,20.0,3
tcn,47,loo_sample_XMV_02_B20_D03,loo_sample,2.0,25,2490,0.6410963455149502,0.7354517245147807,0.005,302,tcn|S47|F25|XMV02|B20|D03,20.0,3
tcn,47,loo_sample_XMV_02_B20_D03,loo_sample,2.0,25,2491,0.6299833887043189,0.7045909508392197,0.01,302,tcn|S47|F25|XMV02|B20|D03,20.0,3
tcn,47,loo_sample_XMV_02_B20_D03,loo_sample,2.0,25,2492,0.6036046511627907,0.6848037490898572,0.02,302,tcn|S47|F25|XMV02|B20|D03,20.0,3
tcn,47,loo_sample_XMV_02_B20_D03,loo_sample,2.0,25,2493,0.6383720930232558,0.7368964699561589,0.005,302,tcn|S47|F25|XMV02|B20|D03,20.0,3
tcn,47,loo_sample_XMV_02_B20_D03,loo_sample,2.0,25,2494,0.6305647840531562,0.7211867008253715,0.005,302,tcn|S47|F25|XMV02|B20|D03,20.0,3
tcn,47,loo_sample_XMV_02_B20_D03,loo_sample,2.0,25,2495,0.635,0.7349230440213109,0.0,302,tcn|S47|F25|XMV02|B20|D03,20.0,3
tcn,47,loo_sample_XMV_02_B20_D03,loo_sample,2.0,25,2496,0.6003986710963455,0.6967673303266335,0.01,302,tcn|S47|F25|XMV02|B20|D03,20.0,3
tcn,47,loo_sample_XMV_02_B20_D03,loo_sample,2.0,25,2497,0.6071262458471761,0.7034218782193028,0.015,302,tcn|S47|F25|XMV02|B20|D03,20.0,3
tcn,47,loo_sample_XMV_02_B20_D03,loo_sample,2.0,25,2498,0.6288372093023256,0.7185825381955994,0.02,302,tcn|S47|F25|XMV02|B20|D03,20.0,3
tcn,47,loo_sample_XMV_02_B20_D03,loo_sample,2.0,25,2499,0.6632890365448505,0.7562406707197046,0.005,92,tcn|S47|F25|XMV02|B20|D03,20.0,3
tcn,47,original,original,,25,2480,0.9235548172757475,0.9585874237268144,0.0,8,tcn|S47|F25|original,,1
tcn,47,original,original,,25,2481,0.9387541528239203,0.9670417073486797,0.005,16,tcn|S47|F25|original,,1
tcn,47,original,original,,25,2482,0.9037375415282392,0.9464661819185016,0.0,8,tcn|S47|F25|original,,1
tcn,47,original,original,,25,2483,0.9416611295681063,0.9682995938767612,0.01,10,tcn|S47|F25|original,,1
tcn,47,original,original,,25,2484,0.9074418604651163,0.9521306002037095,0.005,20,tcn|S47|F25|original,,1
tcn,47,original,original,,25,2485,0.9237541528239203,0.9584035099132504,0.0,16,tcn|S47|F25|original,,1
tcn,47,original,original,,25,2486,0.8938205980066445,0.9430718201700123,0.005,20,tcn|S47|F25|original,,1
tcn,47,original,original,,25,2487,0.9226744186046512,0.9583484691964308,0.005,13,tcn|S47|F25|original,,1
tcn,47,original,original,,25,2488,0.9234551495016611,0.9576969024334475,0.01,9,tcn|S47|F25|original,,1
tcn,47,original,original,,25,2489,0.8868106312292359,0.9376381061500483,0.0,8,tcn|S47|F25|original,,1
tcn,47,original,original,,25,2490,0.9269102990033222,0.9617995325053317,0.005,16,tcn|S47|F25|original,,1
tcn,47,original,original,,25,2491,0.9157475083056479,0.9563816361473176,0.01,30,tcn|S47|F25|original,,1
tcn,47,original,original,,25,2492,0.9306312292358804,0.9593738955004281,0.025,10,tcn|S47|F25|original,,1
tcn,47,original,original,,25,2493,0.924983388704319,0.959670280383592,0.005,16,tcn|S47|F25|original,,1
tcn,47,original,original,,25,2494,0.8835215946843854,0.93709565251224,0.01,73,tcn|S47|F25|original,,1
tcn,47,original,original,,25,2495,0.9064451827242525,0.9492673262593385,0.0,10,tcn|S47|F25|original,,1
tcn,47,original,original,,25,2496,0.8945514950166112,0.9420974133692214,0.01,24,tcn|S47|F25|original,,1
tcn,47,original,original,,25,2497,0.8814950166112957,0.9339433127590518,0.015,40,tcn|S47|F25|original,,1
tcn,47,original,original,,25,2498,0.9237375415282392,0.9590002209986807,0.02,21,tcn|S47|F25|original,,1
tcn,47,original,original,,25,2499,0.9038870431893687,0.9482576177293693,0.005,20,tcn|S47|F25|original,,1
transformer,47,loo_sample_XMV_10_B20_D03,loo_sample,10.0,4,380,0.5210465116279069,0.6247788792003305,0.005,2,transformer|S47|F4|XMV10|B20|D03,20.0,3
transformer,47,loo_sample_XMV_10_B20_D03,loo_sample,10.0,4,381,0.5093521594684386,0.6118928521028895,0.01,2,transformer|S47|F4|XMV10|B20|D03,20.0,3
transformer,47,loo_sample_XMV_10_B20_D03,loo_sample,10.0,4,382,0.502890365448505,0.6123727154140015,0.005,2,transformer|S47|F4|XMV10|B20|D03,20.0,3
transformer,47,loo_sample_XMV_10_B20_D03,loo_sample,10.0,4,383,0.48064784053156145,0.5934082980716331,0.025,2,transformer|S47|F4|XMV10|B20|D03,20.0,3
transformer,47,loo_sample_XMV_10_B20_D03,loo_sample,10.0,4,384,0.527358803986711,0.6345627159792135,0.005,2,transformer|S47|F4|XMV10|B20|D03,20.0,3
transformer,47,loo_sample_XMV_10_B20_D03,loo_sample,10.0,4,385,0.529750830564784,0.6365123911325558,0.005,2,transformer|S47|F4|XMV10|B20|D03,20.0,3
transformer,47,loo_sample_XMV_10_B20_D03,loo_sample,10.0,4,386,0.5353986710963455,0.637136786938884,0.01,2,transformer|S47|F4|XMV10|B20|D03,20.0,3
transformer,47,loo_sample_XMV_10_B20_D03,loo_sample,10.0,4,387,0.5074916943521595,0.6323051396041668,0.01,2,transformer|S47|F4|XMV10|B20|D03,20.0,3
transformer,47,loo_sample_XMV_10_B20_D03,loo_sample,10.0,4,388,0.5218936877076412,0.6255864152763362,0.015,2,transformer|S47|F4|XMV10|B20|D03,20.0,3
transformer,47,loo_sample_XMV_10_B20_D03,loo_sample,10.0,4,389,0.5402990033222591,0.6264514343896246,0.01,2,transformer|S47|F4|XMV10|B20|D03,20.0,3
transformer,47,loo_sample_XMV_10_B20_D03,loo_sample,10.0,4,390,0.5193853820598007,0.6265531568748792,0.02,2,transformer|S47|F4|XMV10|B20|D03,20.0,3
transformer,47,loo_sample_XMV_10_B20_D03,loo_sample,10.0,4,391,0.5106478405315614,0.6160242954310695,0.025,2,transformer|S47|F4|XMV10|B20|D03,20.0,3
transformer,47,loo_sample_XMV_10_B20_D03,loo_sample,10.0,4,392,0.5212790697674419,0.6475540907888089,0.02,2,transformer|S47|F4|XMV10|B20|D03,20.0,3
transformer,47,loo_sample_XMV_10_B20_D03,loo_sample,10.0,4,393,0.5246511627906977,0.6325033551434102,0.02,2,transformer|S47|F4|XMV10|B20|D03,20.0,3
transformer,47,loo_sample_XMV_10_B20_D03,loo_sample,10.0,4,394,0.516328903654485,0.6271108245912094,0.005,2,transformer|S47|F4|XMV10|B20|D03,20.0,3
transformer,47,loo_sample_XMV_10_B20_D03,loo_sample,10.0,4,395,0.5116777408637874,0.6405903070753151,0.015,2,transformer|S47|F4|XMV10|B20|D03,20.0,3
transformer,47,loo_sample_XMV_10_B20_D03,loo_sample,10.0,4,396,0.5375747508305648,0.66856252601524,0.0,2,transformer|S47|F4|XMV10|B20|D03,20.0,3
transformer,47,loo_sample_XMV_10_B20_D03,loo_sample,10.0,4,397,0.52,0.6237704686501596,0.02,2,transformer|S47|F4|XMV10|B20|D03,20.0,3
transformer,47,loo_sample_XMV_10_B20_D03,loo_sample,10.0,4,398,0.515797342192691,0.6369564129866344,0.005,2,transformer|S47|F4|XMV10|B20|D03,20.0,3
transformer,47,loo_sample_XMV_10_B20_D03,loo_sample,10.0,4,399,0.495797342192691,0.6097968719383624,0.01,2,transformer|S47|F4|XMV10|B20|D03,20.0,3
transformer,47,original,original,,4,380,0.6367607973421927,0.7183841223359112,0.005,2,transformer|S47|F4|original,,1
transformer,47,original,original,,4,381,0.623671096345515,0.7080213531764429,0.01,2,transformer|S47|F4|original,,1
transformer,47,original,original,,4,382,0.6196511627906977,0.7009115329673931,0.005,2,transformer|S47|F4|original,,1
transformer,47,original,original,,4,383,0.5922591362126246,0.6685384609763666,0.025,2,transformer|S47|F4|original,,1
transformer,47,original,original,,4,384,0.6383388704318936,0.722236774320105,0.005,2,transformer|S47|F4|original,,1
transformer,47,original,original,,4,385,0.6356976744186047,0.7150792216057001,0.005,2,transformer|S47|F4|original,,1
transformer,47,original,original,,4,386,0.6416279069767442,0.7132552257178377,0.01,2,transformer|S47|F4|original,,1
transformer,47,original,original,,4,387,0.62343853820598,0.7149152055225231,0.01,2,transformer|S47|F4|original,,1
transformer,47,original,original,,4,388,0.6306976744186047,0.7111446362764599,0.015,2,transformer|S47|F4|original,,1
transformer,47,original,original,,4,389,0.640797342192691,0.708449348996143,0.01,2,transformer|S47|F4|original,,1
transformer,47,original,original,,4,390,0.6314285714285715,0.7000603069962712,0.015,2,transformer|S47|F4|original,,1
transformer,47,original,original,,4,391,0.6198172757475083,0.6943321858059951,0.025,2,transformer|S47|F4|original,,1
transformer,47,original,original,,4,392,0.6362458471760797,0.7229227657846378,0.02,2,transformer|S47|F4|original,,1
transformer,47,original,original,,4,393,0.628687707641196,0.7047649699695407,0.02,2,transformer|S47|F4|original,,1
transformer,47,original,original,,4,394,0.628671096345515,0.7216950154703241,0.005,2,transformer|S47|F4|original,,1
transformer,47,original,original,,4,395,0.6317774086378738,0.7285414469920161,0.015,2,transformer|S47|F4|original,,1
transformer,47,original,original,,4,396,0.6513455149501661,0.7490724228303565,0.0,2,transformer|S47|F4|original,,1
transformer,47,original,original,,4,397,0.6366943521594685,0.7133953897847785,0.02,2,transformer|S47|F4|original,,1
transformer,47,original,original,,4,398,0.6169601328903654,0.7100562359364804,0.005,2,transformer|S47|F4|original,,1
transformer,47,original,original,,4,399,0.6176578073089701,0.6900640110067644,0.01,2,transformer|S47|F4|original,,1
transformer,47,loo_sample_XMV_07_B20_D03,loo_sample,7.0,19,1880,0.7556644518272425,0.8357844506068833,0.015,74,transformer|S47|F19|XMV07|B20|D03,20.0,3
transformer,47,loo_sample_XMV_07_B20_D03,loo_sample,7.0,19,1881,0.7084551495016611,0.7933303081007069,0.02,95,transformer|S47|F19|XMV07|B20|D03,20.0,3
transformer,47,loo_sample_XMV_07_B20_D03,loo_sample,7.0,19,1882,0.7815116279069767,0.8521725876697518,0.015,48,transformer|S47|F19|XMV07|B20|D03,20.0,3
transformer,47,loo_sample_XMV_07_B20_D03,loo_sample,7.0,19,1883,0.8611295681063122,0.9113694576944963,0.0,36,transformer|S47|F19|XMV07|B20|D03,20.0,3
transformer,47,loo_sample_XMV_07_B20_D03,loo_sample,7.0,19,1884,0.7270598006644519,0.8165094433851043,0.005,48,transformer|S47|F19|XMV07|B20|D03,20.0,3
transformer,47,loo_sample_XMV_07_B20_D03,loo_sample,7.0,19,1885,0.7721096345514951,0.8532910493141861,0.015,72,transformer|S47|F19|XMV07|B20|D03,20.0,3
transformer,47,loo_sample_XMV_07_B20_D03,loo_sample,7.0,19,1886,0.8342358803986711,0.8898613882197199,0.0,58,transformer|S47|F19|XMV07|B20|D03,20.0,3
transformer,47,loo_sample_XMV_07_B20_D03,loo_sample,7.0,19,1887,0.7816943521594685,0.8587041501486292,0.01,60,transformer|S47|F19|XMV07|B20|D03,20.0,3
transformer,47,loo_sample_XMV_07_B20_D03,loo_sample,7.0,19,1888,0.7225747508305648,0.804299001688766,0.005,170,transformer|S47|F19|XMV07|B20|D03,20.0,3
transformer,47,loo_sample_XMV_07_B20_D03,loo_sample,7.0,19,1889,0.7683554817275747,0.8447662917676418,0.01,58,transformer|S47|F19|XMV07|B20|D03,20.0,3
transformer,47,loo_sample_XMV_07_B20_D03,loo_sample,7.0,19,1890,0.8489867109634551,0.9009650040445558,0.005,56,transformer|S47|F19|XMV07|B20|D03,20.0,3
transformer,47,loo_sample_XMV_07_B20_D03,loo_sample,7.0,19,1891,0.7216279069767442,0.8155747102172158,0.005,86,transformer|S47|F19|XMV07|B20|D03,20.0,3
transformer,47,loo_sample_XMV_07_B20_D03,loo_sample,7.0,19,1892,0.6760631229235881,0.7735464808351648,0.035,120,transformer|S47|F19|XMV07|B20|D03,20.0,3
transformer,47,loo_sample_XMV_07_B20_D03,loo_sample,7.0,19,1893,0.7984385382059801,0.8672108882324727,0.005,40,transformer|S47|F19|XMV07|B20|D03,20.0,3
transformer,47,loo_sample_XMV_07_B20_D03,loo_sample,7.0,19,1894,0.8126910299003323,0.8814254375597885,0.005,76,transformer|S47|F19|XMV07|B20|D03,20.0,3
transformer,47,loo_sample_XMV_07_B20_D03,loo_sample,7.0,19,1895,0.8333720930232558,0.8902261266924776,0.015,53,transformer|S47|F19|XMV07|B20|D03,20.0,3
transformer,47,loo_sample_XMV_07_B20_D03,loo_sample,7.0,19,1896,0.7638704318936878,0.8359095451707544,0.015,50,transformer|S47|F19|XMV07|B20|D03,20.0,3
transformer,47,loo_sample_XMV_07_B20_D03,loo_sample,7.0,19,1897,0.7410299003322259,0.8337016689753473,0.005,174,transformer|S47|F19|XMV07|B20|D03,20.0,3
transformer,47,loo_sample_XMV_07_B20_D03,loo_sample,7.0,19,1898,0.7232724252491695,0.8142997144669112,0.005,26,transformer|S47|F19|XMV07|B20|D03,20.0,3
transformer,47,loo_sample_XMV_07_B20_D03,loo_sample,7.0,19,1899,0.8611627906976744,0.9058821013137383,0.005,40,transformer|S47|F19|XMV07|B20|D03,20.0,3
transformer,47,loo_sample_XMV_08_B20_D03,loo_sample,8.0,19,1880,0.7862624584717608,0.8695863909216968,0.015,74,transformer|S47|F19|XMV08|B20|D03,20.0,3
transformer,47,loo_sample_XMV_08_B20_D03,loo_sample,8.0,19,1881,0.8659468438538206,0.9191625967387662,0.02,36,transformer|S47|F19|XMV08|B20|D03,20.0,3
transformer,47,loo_sample_XMV_08_B20_D03,loo_sample,8.0,19,1882,0.8288870431893688,0.8954017197400482,0.01,30,transformer|S47|F19|XMV08|B20|D03,20.0,3
transformer,47,loo_sample_XMV_08_B20_D03,loo_sample,8.0,19,1883,0.8953322259136213,0.9412044841082176,0.0,26,transformer|S47|F19|XMV08|B20|D03,20.0,3
transformer,47,loo_sample_XMV_08_B20_D03,loo_sample,8.0,19,1884,0.8467607973421927,0.9085286116950344,0.0,48,transformer|S47|F19|XMV08|B20|D03,20.0,3
transformer,47,loo_sample_XMV_08_B20_D03,loo_sample,8.0,19,1885,0.8428073089700997,0.9071530093482996,0.015,30,transformer|S47|F19|XMV08|B20|D03,20.0,3
transformer,47,loo_sample_XMV_08_B20_D03,loo_sample,8.0,19,1886,0.851843853820598,0.9117804007817518,0.0,38,transformer|S47|F19|XMV08|B20|D03,20.0,3
transformer,47,loo_sample_XMV_08_B20_D03,loo_sample,8.0,19,1887,0.8797009966777408,0.9300530083788254,0.005,30,transformer|S47|F19|XMV08|B20|D03,20.0,3
transformer,47,loo_sample_XMV_08_B20_D03,loo_sample,8.0,19,1888,0.8396345514950166,0.9077044679802818,0.005,34,transformer|S47|F19|XMV08|B20|D03,20.0,3
transformer,47,loo_sample_XMV_08_B20_D03,loo_sample,8.0,19,1889,0.8576910299003322,0.912910349600187,0.01,36,transformer|S47|F19|XMV08|B20|D03,20.0,3
transformer,47,loo_sample_XMV_08_B20_D03,loo_sample,8.0,19,1890,0.8857807308970099,0.9333463702406186,0.005,44,transformer|S47|F19|XMV08|B20|D03,20.0,3
transformer,47,loo_sample_XMV_08_B20_D03,loo_sample,8.0,19,1891,0.8697176079734219,0.9211380376403208,0.005,48,transformer|S47|F19|XMV08|B20|D03,20.0,3
transformer,47,loo_sample_XMV_08_B20_D03,loo_sample,8.0,19,1892,0.8335049833887043,0.8944092658316595,0.035,58,transformer|S47|F19|XMV08|B20|D03,20.0,3
transformer,47,loo_sample_XMV_08_B20_D03,loo_sample,8.0,19,1893,0.8439036544850498,0.9085094507814621,0.005,58,transformer|S47|F19|XMV08|B20|D03,20.0,3
transformer,47,loo_sample_XMV_08_B20_D03,loo_sample,8.0,19,1894,0.8942524916943522,0.9406908733183637,0.005,58,transformer|S47|F19|XMV08|B20|D03,20.0,3
transformer,47,loo_sample_XMV_08_B20_D03,loo_sample,8.0,19,1895,0.899734219269103,0.9394864149419924,0.01,38,transformer|S47|F19|XMV08|B20|D03,20.0,3
transformer,47,loo_sample_XMV_08_B20_D03,loo_sample,8.0,19,1896,0.8688538205980066,0.9215415621516838,0.015,40,transformer|S47|F19|XMV08|B20|D03,20.0,3
transformer,47,loo_sample_XMV_08_B20_D03,loo_sample,8.0,19,1897,0.8666777408637873,0.9228282354968219,0.005,44,transformer|S47|F19|XMV08|B20|D03,20.0,3
transformer,47,loo_sample_XMV_08_B20_D03,loo_sample,8.0,19,1898,0.9021594684385382,0.9422637137551971,0.005,20,transformer|S47|F19|XMV08|B20|D03,20.0,3
transformer,47,loo_sample_XMV_08_B20_D03,loo_sample,8.0,19,1899,0.9021594684385382,0.9426502161277692,0.005,26,transformer|S47|F19|XMV08|B20|D03,20.0,3
transformer,47,original,original,,19,1880,0.8498837209302326,0.9094755492092168,0.015,74,transformer|S47|F19|original,,1
transformer,47,original,original,,19,1881,0.8954983388704318,0.9378889579009201,0.02,36,transformer|S47|F19|original,,1
transformer,47,original,original,,19,1882,0.8908305647840532,0.933823517350133,0.01,30,transformer|S47|F19|original,,1
transformer,47,original,original,,19,1883,0.9380897009966778,0.9646851642066588,0.0,26,transformer|S47|F19|original,,1
transformer,47,original,original,,19,1884,0.8849335548172758,0.929245064835853,0.0,40,transformer|S47|F19|original,,1
transformer,47,original,original,,19,1885,0.8963122923588039,0.9394442640202643,0.015,30,transformer|S47|F19|original,,1
transformer,47,original,original,,19,1886,0.9184053156146179,0.9522610944065787,0.0,30,transformer|S47|F19|original,,1
transformer,47,original,original,,19,1887,0.9096013289036545,0.9482651958139978,0.01,30,transformer|S47|F19|original,,1
transformer,47,original,original,,19,1888,0.8654983388704319,0.9212238514358688,0.005,34,transformer|S47|F19|original,,1
transformer,47,original,original,,19,1889,0.9017109634551495,0.9397902135155739,0.01,40,transformer|S47|F19|original,,1
transformer,47,original,original,,19,1890,0.9238538205980067,0.9560682846565981,0.005,44,transformer|S47|F19|original,,1
transformer,47,original,original,,19,1891,0.9019435215946844,0.9425730635246602,0.005,48,transformer|S47|F19|original,,1
transformer,47,original,original,,19,1892,0.8864285714285715,0.926910312383662,0.035,58,transformer|S47|F19|original,,1
transformer,47,original,original,,19,1893,0.9151328903654485,0.9493505276007947,0.005,40,transformer|S47|F19|original,,1
transformer,47,original,original,,19,1894,0.9117275747508305,0.9516034484266038,0.005,58,transformer|S47|F19|original,,1
transformer,47,original,original,,19,1895,0.9248837209302325,0.9557193839225099,0.015,38,transformer|S47|F19|original,,1
transformer,47,original,original,,19,1896,0.926843853820598,0.955367702687969,0.015,38,transformer|S47|F19|original,,1
transformer,47,original,original,,19,1897,0.901295681063123,0.94464277829941,0.005,44,transformer|S47|F19|original,,1
transformer,47,original,original,,19,1898,0.9294352159468439,0.9582149425365941,0.005,20,transformer|S47|F19|original,,1
transformer,47,original,original,,19,1899,0.9496179401993355,0.9705912586797685,0.005,26,transformer|S47|F19|original,,1
transformer,47,loo_sample_XMV_02_B20_D03,loo_sample,2.0,25,2480,0.687093023255814,0.7803937094356274,0.005,302,transformer|S47|F25|XMV02|B20|D03,20.0,3
transformer,47,loo_sample_XMV_02_B20_D03,loo_sample,2.0,25,2481,0.7134717607973422,0.7955484772310861,0.02,124,transformer|S47|F25|XMV02|B20|D03,20.0,3
transformer,47,loo_sample_XMV_02_B20_D03,loo_sample,2.0,25,2482,0.6275747508305648,0.7304258271604531,0.0,302,transformer|S47|F25|XMV02|B20|D03,20.0,3
transformer,47,loo_sample_XMV_02_B20_D03,loo_sample,2.0,25,2483,0.6722923588039867,0.7776608960401098,0.005,114,transformer|S47|F25|XMV02|B20|D03,20.0,3
transformer,47,loo_sample_XMV_02_B20_D03,loo_sample,2.0,25,2484,0.6767940199335548,0.7804604191317764,0.01,254,transformer|S47|F25|XMV02|B20|D03,20.0,3
transformer,47,loo_sample_XMV_02_B20_D03,loo_sample,2.0,25,2485,0.6367441860465116,0.7427708818255866,0.005,100,transformer|S47|F25|XMV02|B20|D03,20.0,3
transformer,47,loo_sample_XMV_02_B20_D03,loo_sample,2.0,25,2486,0.6660797342192691,0.7689707464391389,0.01,190,transformer|S47|F25|XMV02|B20|D03,20.0,3
transformer,47,loo_sample_XMV_02_B20_D03,loo_sample,2.0,25,2487,0.6444269102990033,0.7505583455819709,0.005,302,transformer|S47|F25|XMV02|B20|D03,20.0,3
transformer,47,loo_sample_XMV_02_B20_D03,loo_sample,2.0,25,2488,0.6708970099667774,0.7652429781836569,0.01,302,transformer|S47|F25|XMV02|B20|D03,20.0,3
transformer,47,loo_sample_XMV_02_B20_D03,loo_sample,2.0,25,2489,0.6372259136212625,0.7445987448365873,0.0,302,transformer|S47|F25|XMV02|B20|D03,20.0,3
transformer,47,loo_sample_XMV_02_B20_D03,loo_sample,2.0,25,2490,0.6582558139534884,0.7628435825572821,0.01,302,transformer|S47|F25|XMV02|B20|D03,20.0,3
transformer,47,loo_sample_XMV_02_B20_D03,loo_sample,2.0,25,2491,0.6538372093023256,0.7357145356780073,0.02,302,transformer|S47|F25|XMV02|B20|D03,20.0,3
transformer,47,loo_sample_XMV_02_B20_D03,loo_sample,2.0,25,2492,0.6567441860465116,0.7431478299141998,0.015,302,transformer|S47|F25|XMV02|B20|D03,20.0,3
transformer,47,loo_sample_XMV_02_B20_D03,loo_sample,2.0,25,2493,0.684485049833887,0.7730949796706152,0.01,302,transformer|S47|F25|XMV02|B20|D03,20.0,3
transformer,47,loo_sample_XMV_02_B20_D03,loo_sample,2.0,25,2494,0.6368106312292359,0.7375200695510844,0.005,302,transformer|S47|F25|XMV02|B20|D03,20.0,3
transformer,47,loo_sample_XMV_02_B20_D03,loo_sample,2.0,25,2495,0.6853820598006645,0.7828819623062141,0.005,80,transformer|S47|F25|XMV02|B20|D03,20.0,3
transformer,47,loo_sample_XMV_02_B20_D03,loo_sample,2.0,25,2496,0.6437541528239202,0.7379502755534885,0.01,270,transformer|S47|F25|XMV02|B20|D03,20.0,3
transformer,47,loo_sample_XMV_02_B20_D03,loo_sample,2.0,25,2497,0.6440365448504983,0.7437189267400698,0.0,302,transformer|S47|F25|XMV02|B20|D03,20.0,3
transformer,47,loo_sample_XMV_02_B20_D03,loo_sample,2.0,25,2498,0.6630897009966777,0.7608213534350956,0.01,40,transformer|S47|F25|XMV02|B20|D03,20.0,3
transformer,47,loo_sample_XMV_02_B20_D03,loo_sample,2.0,25,2499,0.72234219269103,0.8030571179235013,0.01,140,transformer|S47|F25|XMV02|B20|D03,20.0,3
transformer,47,original,original,,25,2480,0.9515614617940199,0.971968339729634,0.005,8,transformer|S47|F25|original,,1
transformer,47,original,original,,25,2481,0.9579568106312293,0.9769350707549214,0.02,20,transformer|S47|F25|original,,1
transformer,47,original,original,,25,2482,0.9293189368770765,0.9601141401439663,0.0,9,transformer|S47|F25|original,,1
transformer,47,original,original,,25,2483,0.9718936877076412,0.9849637342087412,0.005,12,transformer|S47|F25|original,,1
transformer,47,original,original,,25,2484,0.9338372093023256,0.966067553288401,0.01,24,transformer|S47|F25|original,,1
transformer,47,original,original,,25,2485,0.9369767441860465,0.9652402881706874,0.005,18,transformer|S47|F25|original,,1
transformer,47,original,original,,25,2486,0.9258471760797342,0.9599288887239352,0.01,22,transformer|S47|F25|original,,1
transformer,47,original,original,,25,2487,0.9491196013289036,0.9719139970423943,0.005,16,transformer|S47|F25|original,,1
transformer,47,original,original,,25,2488,0.9448671096345514,0.968836758269075,0.01,10,transformer|S47|F25|original,,1
transformer,47,original,original,,25,2489,0.9428073089700997,0.9681165048437256,0.0,10,transformer|S47|F25|original,,1
transformer,47,original,original,,25,2490,0.9516445182724252,0.9742160446618985,0.01,18,transformer|S47|F25|original,,1
transformer,47,original,original,,25,2491,0.9346511627906977,0.9658024524928229,0.02,31,transformer|S47|F25|original,,1
transformer,47,original,original,,25,2492,0.9439202657807308,0.9664767566961329,0.015,10,transformer|S47|F25|original,,1
transformer,47,original,original,,25,2493,0.9534883720930233,0.9748597226685469,0.01,18,transformer|S47|F25|original,,1
transformer,47,original,original,,25,2494,0.8972757475083056,0.945974397046871,0.005,74,transformer|S47|F25|original,,1
transformer,47,original,original,,25,2495,0.9403156146179402,0.9669530592985425,0.005,10,transformer|S47|F25|original,,1
transformer,47,original,original,,25,2496,0.9209468438538206,0.9548225037384385,0.015,24,transformer|S47|F25|original,,1
transformer,47,original,original,,25,2497,0.9072591362126246,0.9504013038610803,0.0,42,transformer|S47|F25|original,,1
transformer,47,original,original,,25,2498,0.9386544850498338,0.9669016006777358,0.01,21,transformer|S47|F25|original,,1
transformer,47,original,original,,25,2499,0.9385382059800664,0.9662788162763348,0.01,22,transformer|S47|F25|original,,1
