"path","bytes","sha256"
".gitignore","175","b118cc44eedee96d9d0ccea6a8fe525e561ca3c18081f98032efb69584ed66bd"
"configs/architecture_chum_sensitivity.yaml","1601","154985ba0c5829bbee39f34cfd284ebacbf4ffdf13e49e44ddcbb47a9d4cab6e"
"deliverables/CHUM_EVIDENCE_REPORT.html","441791","27e3ac34ef75da1382d5c06373907f6895e21d6849817fa0b1df1c5954c04d6f"
"deliverables/CHUM_PPT_PRODUCTION_SPEC_KO.md","21196","d5dcc2afdcbfcaccc7916ed8efcba9b2cf5ca94801e64d579aff00e3247174fc"
"deliverables/CHUM_PPT_VENDOR_PACKAGE.zip","1071033","33229bc6ed670a385741aaf63deb000d61755631cdd61b602beae217d1a91645"
"deliverables/CHUM_REPORT_ARTIFACT.json","21074","75f83a798bb40b1baace42650c57aa62f2268472e871c63ddfeabc8d8dfb562b"
"deliverables/CHUM_RESEARCH_PROPOSAL_KO.docx","1121994","e2a0d9ee2bf84362d71ef00617d3be33ed220fcc50cb778ea2f5748dbcd40ab6"
"deliverables/CHUM_RESEARCH_PROPOSAL_KO.md","33425","328acc03061051d58b503caaaf6c746c074e6a1c59357f7a2f6b449b100acb6b"
"deliverables/CHUM_RESEARCH_PROPOSAL_KO.pdf","1575949","1318df3d9aac09e63a6ba6ac687cee11e08444b07c9ccd53b7c28175d90453c3"
"deliverables/PPT_SLIDE_BLUEPRINT.csv","3159","3666c836b259b4449b3e4d619a4d5a5bee611883efc63acca51cc37cb703dadf"
"deliverables/ppt_assets/01_CHUM_METHOD_PIPELINE.png","166118","1685791d47b96ac6e6d1db7a321da851179809d6cf44d5460a632c14c4d820da"
"deliverables/ppt_assets/02_DATASET_AND_SPLIT_PROTOCOL.png","214185","e404ff6a047e15348e602c1e83cb5376e7b9f6353746245bfe5f095082bf97bb"
"deliverables/ppt_assets/03_TEP_ARCHITECTURE_CONSENSUS.png","127167","6014100ca63bee07060892bb7743465a15b336fff3a1280a4a98bec68d14689d"
"deliverables/ppt_assets/04_PRIMARY_SENSITIVITY_RANGES.png","160432","4765a537e672693d45a33668200607f6afb2cba32127c54993a2cb3f2ff826f6"
"deliverables/ppt_assets/05_HAI_EXTERNAL_SUPPORT.png","152717","e2511f20de03186ed8860b027003721d5358815c99f2622b674ff0f9b75ffbb2"
"deliverables/ppt_assets/06_PROFESSOR_FIT_MAP.png","167293","44284d1cd2ee7dec1b74fea4eee75b4ed9f58404ea9e05b9415369d9268ea5f1"
"deliverables/ppt_assets/07_EVIDENCE_SCORECARD.png","184038","af0d9a29e263e3d6be8f29859ec85212b8022a48bd6853e45d753bb7707ff7b4"
"deliverables/ppt_assets/PPT_ASSET_MANIFEST.csv","454","3234aa782fe3131e83ef04565d92cc1fb3dcbb6afcf2d2cfad1153e32be4d43e"
"deliverables/professor_research/LAB_PROJECT_MATRIX.csv","4423","4780cd850c22501b6d834af5c83952af1b16a145e9b246cdc8d3a41e82947971"
"deliverables/professor_research/PROFESSOR_PUBLICATION_MATRIX_2024_2026.csv","34194","f6cc585ace099cf7e7470bbebf3d53d64ae61e9ea69f6ba682801f1fe5daad41"
"deliverables/professor_research/PROFESSOR_PUBLICATION_MATRIX_2024_2026_UNIQUE.csv","27357","2e127461e507f98c7604cb4854063cb3c15df027a1ca7a0883958fe4902fadb9"
"deliverables/professor_research/PROFESSOR_RESEARCH_TRENDS.md","2978","b6d460cef343fc884033d4943a7121503e7e088cab46e840d95729ef8a56d46d"
"deliverables/report_data/hai_long.csv","222","1c27a621e9dd99f9bd667cc6921a79f8b71252111eee3e28a8f4a9c8deb6e1f3"
"deliverables/report_data/professor_counts.csv","150","75fbb2544b53a9aa984295950b27d8f07ce54a58320e59512c51778d04bdfe4e"
"deliverables/report_data/scorecard.csv","102","7c95e2712157fc67c1e341567453bd63ff98c2c4f90d7ba10967beef4262f8d3"
"deliverables/report_data/sensitivity.csv","1504","ba7aae1e59ef7f1b0d1eca289b4ced766e1500b612bf842181043f00003b06a8"
"deliverables/report_data/tep_cells.csv","845","14b2f44d13d2d1156ddb8dd7a8d6a0c1d3431fc663cacdfc050f127f51e22910"
"experiments/analyze_architecture_chum_sensitivity.py","11323","51db7cbb98864759b8a56862dc65b796f688ab62a11f2b565444dd12b0a7bc1e"
"experiments/build_portable_proposal_report.py","16991","884a941718789698135052e0f0d539586a3356fb763a8a8cbfacaaa25e313332"
"experiments/build_professor_research_profile.py","10945","bc462adb1af22fa09a0fd4d1ee0082496249d71f4f3c9517b7552cd9e930bdc3"
"experiments/build_proposal_docx.py","23721","8acfe893c0cd7fbf268d5d1faebd95b24ce6ae6edf613cdda65d02997d8a9bb5"
"experiments/build_proposal_visual_assets.py","17922","21d02cc0acf841aba6ba3de4206f8a6ff3d11d3ff69fe3a09e63523cea321223"
"experiments/render_docx_windows_adapter.py","1868","a9eb218ec6603720cd82c71fd6489f059ec4e2b30fd7d35c22e7335a900c9b07"
"experiments/run_architecture_chum_sensitivity.py","20313","1962c175a66e5f388fed7918c8ac094d3914a5d7a2ece0128122537307015077"
"outputs/EVIDENCE_AND_REPRODUCTION_INDEX.md","7857","f0817b4cfd25eacb208767ea6d4e7add06aad263718590a80c7cce79d5ecc310"
"outputs/PROFESSOR_BRIEF_KO.md","26903","3b0b7b2969021ebd124d9244123c7fa20effa821d98457565c7d67d5e32ebd0d"
"outputs/architecture_chum_g3/normal_xmv_loo_imputer_weights.npy","4264","75560407f0f4299a38b782ea0bc5ffb29f74079f22e8440017ec3391a7e292cf"
"outputs/architecture_chum_g3/normal_xmv_loo_residual_bank.npy","47151232","2e4d636081b88219c8e22dda3166c570b5b58dad82930c58466b0b6925e2c96c"
"outputs/architecture_gate_g2_full/checkpoints/tcn/reinartz_f1_seed_42.pt","42917","5a380ff182f4318235efb1dcd4ac6a25edefc600d4d491052551ee9811c4536c"
"outputs/architecture_gate_g2_full/checkpoints/tcn/reinartz_f1_seed_43.pt","42917","5841570999b750bd8d9fe94f6799fd0f21cb84aef182abe566dc9a48c2ce24a6"
"outputs/architecture_gate_g2_full/checkpoints/tcn/reinartz_f1_seed_44.pt","42917","c209d3a5389e09dcad9151b34be586aa67d724000e8067aee62b1184a24a8857"
"outputs/architecture_gate_g2_full/checkpoints/tcn/reinartz_f1_seed_45.pt","42917","7fec5002de36507bf8c5cdeecf2b84c31ea72048fda3aff1c937e10e84859705"
"outputs/architecture_gate_g2_full/checkpoints/tcn/reinartz_f1_seed_46.pt","42917","57660053f106b6f7b88bc86f5df27efb451789cd10956f3710efb538242baac4"
"outputs/architecture_gate_g2_full/checkpoints/transformer/reinartz_f1_seed_42.pt","97218","88733405bae7517967fa15c5e24c52768384877a83bd8e13f9a479b8adfae4c9"
"outputs/architecture_gate_g2_full/checkpoints/transformer/reinartz_f1_seed_43.pt","97218","53299f7da56ab7904dd49e166f7b83862befe86940c82272ba76de1e7f1845b7"
"outputs/architecture_gate_g2_full/checkpoints/transformer/reinartz_f1_seed_44.pt","97218","dcb373509a20312a6bde138a5b4fe9012e5e3018667917a5a650272076960a1b"
"outputs/architecture_gate_g2_full/checkpoints/transformer/reinartz_f1_seed_45.pt","97218","d47e80212f61b0906910f8e6723e4427729e826bd84e4ddc6a387734d498a615"
"outputs/architecture_gate_g2_full/checkpoints/transformer/reinartz_f1_seed_46.pt","97218","4c75edad09edbfe01726662afc2efbd6130e18265ec85ff3add45b0ecf4b28fc"
"outputs/chum_primary_sensitivity/CHUM_PRIMARY_SENSITIVITY_REPORT.md","5903","b06f081615fd9e640ecdb2161135b27b57cd37fc2c8cc23f92d9ae1c8b528343"
"outputs/chum_primary_sensitivity/SENSITIVITY_ARCHITECTURE_CELL_SUMMARY.csv","1429","561c195cf250f901108195a9f5d9be818086d1487477ab48099b8e218543a62b"
"outputs/chum_primary_sensitivity/SENSITIVITY_CELL_RESULTS.csv","97459","a36ee4121d0f156ee347eacf35f6338ce31e54b64d729c42aa014049db85712e"
"outputs/chum_primary_sensitivity/SENSITIVITY_CONSENSUS.csv","468","fb45c9eb8b49dd8f6d6028c5c53b302f9b860200b9dd8b0396fe8d89eb17d9b8"
"outputs/chum_primary_sensitivity/SENSITIVITY_DECISION.json","494","1d0e5f8028fb43e8618ddb1adf010d7cb1e1c982aa178d86623a83c7be69626a"
"outputs/chum_primary_sensitivity/SENSITIVITY_FAULT_RESULTS.csv","65011","894626fd275c480dfb8505a10fa0454a61fe99b85c9b17f235b24e91fbbba938"
"outputs/chum_primary_sensitivity/SENSITIVITY_FAULT_RESULTS.partial.csv","65011","b89177594409745d23c24494dd3c4e135ec511bc5c8c7b337035080d59f14949"
"outputs/chum_primary_sensitivity/SENSITIVITY_RUN.log","1631","d1d599bc0d789f106d182abfece07beed2158a388726951dace5bb4be2676267"
"outputs/chum_primary_sensitivity/SENSITIVITY_RUN_CI.csv","10128","7fa1b80f468c163f3736e5cf51ccd7fd5bd54e91daf046f5fb003569aea0a914"
"outputs/chum_primary_sensitivity/SENSITIVITY_RUN_MANIFEST.json","1138","1a9c8935295c96cc08f363e5f1ba0f29a9568b01c33493c8180e61cc35117cb6"
"outputs/chum_primary_sensitivity/SENSITIVITY_RUN_RESULTS.csv","1101173","f74a3e8696e4bfd543855ee2a3020b3b3a62cd54a036648c8ebe8d316f7cb28a"
"outputs/chum_primary_sensitivity/SENSITIVITY_RUN_RESULTS.partial.csv","1101173","ff671b3f5eff06213d410969596b4cc32fb1e133b5bc477448261d1a5b1a23e6"
"outputs/chum_primary_sensitivity/SENSITIVITY_SETTING_SUMMARY.csv","20189","2722f853168863be0c3db2a18a1df51c1ce0c6ee4e4bf384bfd8aac8cb85e3d0"
"outputs/final_gate_exp1/artifacts/reinartz_scaler_parameters.csv","1553","38d5504ecbaf6d4cd821aeec6d9f99fed3dae5b29307f69ed68ce3bcd8dbf86f"
"outputs/final_gate_exp1/artifacts/reinartz_split_manifest.csv","97003","ae0df7f78d27e5edff805c8aa68205fa16c2c10749ea8bd6888610e75a105ddd"
"tests/test_sensitivity.py","2511","2b8f987e15644fe5c6c6450888c2b929b7c13d44959a2a80944cd3cdec819700"
