fault_id,channel,candidate_family,test_unit,architectures,seeds,observed_mean_delta_auroc,positive_run_clusters,permutation_repeats,p_value_one_sided,bh_q_value,bh_pass_q_0_05,bh_pass_q_0_10,both_architectures_positive_5_of_5,both_architectures_stable_material,locked_cell
4,3,28_faults_x_8_quality_gated_channels,20_paired_test_run_clusters,"tcn,transformer","42,43,44,45,46",0.0019180647840531576,20,200000,4.9999750001249995e-06,5.5999720001399996e-05,True,True,True,False,False
4,6,28_faults_x_8_quality_gated_channels,20_paired_test_run_clusters,"tcn,transformer","42,43,44,45,46",0.0017031146179402007,20,200000,4.9999750001249995e-06,5.5999720001399996e-05,True,True,True,False,False
4,10,28_faults_x_8_quality_gated_channels,20_paired_test_run_clusters,"tcn,transformer","42,43,44,45,46",0.13535880398671096,20,200000,4.9999750001249995e-06,5.5999720001399996e-05,True,True,True,True,True
11,8,28_faults_x_8_quality_gated_channels,20_paired_test_run_clusters,"tcn,transformer","42,43,44,45,46",0.00013156146179401306,19,200000,4.9999750001249995e-06,5.5999720001399996e-05,True,True,True,False,False
11,10,28_faults_x_8_quality_gated_channels,20_paired_test_run_clusters,"tcn,transformer","42,43,44,45,46",0.013987956810631235,20,200000,4.9999750001249995e-06,5.5999720001399996e-05,True,True,True,False,False
14,10,28_faults_x_8_quality_gated_channels,20_paired_test_run_clusters,"tcn,transformer","42,43,44,45,46",0.000516196013289037,20,200000,4.9999750001249995e-06,5.5999720001399996e-05,True,True,True,False,False
19,1,28_faults_x_8_quality_gated_channels,20_paired_test_run_clusters,"tcn,transformer","42,43,44,45,46",0.004461835548172755,20,200000,4.9999750001249995e-06,5.5999720001399996e-05,True,True,False,False,False
19,3,28_faults_x_8_quality_gated_channels,20_paired_test_run_clusters,"tcn,transformer","42,43,44,45,46",0.0009552325581395412,20,200000,4.9999750001249995e-06,5.5999720001399996e-05,True,True,True,False,False
19,7,28_faults_x_8_quality_gated_channels,20_paired_test_run_clusters,"tcn,transformer","42,43,44,45,46",0.1294730897009967,20,200000,4.9999750001249995e-06,5.5999720001399996e-05,True,True,True,True,True
19,8,28_faults_x_8_quality_gated_channels,20_paired_test_run_clusters,"tcn,transformer","42,43,44,45,46",0.05432134551495017,20,200000,4.9999750001249995e-06,5.5999720001399996e-05,True,True,True,True,True
23,3,28_faults_x_8_quality_gated_channels,20_paired_test_run_clusters,"tcn,transformer","42,43,44,45,46",0.02551341362126246,20,200000,4.9999750001249995e-06,5.5999720001399996e-05,True,True,True,True,False
24,1,28_faults_x_8_quality_gated_channels,20_paired_test_run_clusters,"tcn,transformer","42,43,44,45,46",0.09730963455149502,20,200000,4.9999750001249995e-06,5.5999720001399996e-05,True,True,True,True,False
24,7,28_faults_x_8_quality_gated_channels,20_paired_test_run_clusters,"tcn,transformer","42,43,44,45,46",0.0011517441860465244,20,200000,4.9999750001249995e-06,5.5999720001399996e-05,True,True,True,False,False
24,8,28_faults_x_8_quality_gated_channels,20_paired_test_run_clusters,"tcn,transformer","42,43,44,45,46",0.0004487541528239209,20,200000,4.9999750001249995e-06,5.5999720001399996e-05,True,True,False,False,False
25,1,28_faults_x_8_quality_gated_channels,20_paired_test_run_clusters,"tcn,transformer","42,43,44,45,46",0.011182682724252485,20,200000,4.9999750001249995e-06,5.5999720001399996e-05,True,True,False,False,False
25,2,28_faults_x_8_quality_gated_channels,20_paired_test_run_clusters,"tcn,transformer","42,43,44,45,46",0.2766771594684385,20,200000,4.9999750001249995e-06,5.5999720001399996e-05,True,True,True,True,True
25,7,28_faults_x_8_quality_gated_channels,20_paired_test_run_clusters,"tcn,transformer","42,43,44,45,46",0.0026167358803986635,20,200000,4.9999750001249995e-06,5.5999720001399996e-05,True,True,False,False,False
25,8,28_faults_x_8_quality_gated_channels,20_paired_test_run_clusters,"tcn,transformer","42,43,44,45,46",0.0004894102990033133,20,200000,4.9999750001249995e-06,5.5999720001399996e-05,True,True,True,False,False
27,8,28_faults_x_8_quality_gated_channels,20_paired_test_run_clusters,"tcn,transformer","42,43,44,45,46",0.00023172757475082846,19,200000,4.9999750001249995e-06,5.5999720001399996e-05,True,True,False,False,False
27,10,28_faults_x_8_quality_gated_channels,20_paired_test_run_clusters,"tcn,transformer","42,43,44,45,46",0.007324667774086383,20,200000,4.9999750001249995e-06,5.5999720001399996e-05,True,True,True,False,False
26,3,28_faults_x_8_quality_gated_channels,20_paired_test_run_clusters,"tcn,transformer","42,43,44,45,46",0.0007924418604651106,19,200000,9.999950000249999e-06,0.000106666133336,True,True,True,False,False
3,8,28_faults_x_8_quality_gated_channels,20_paired_test_run_clusters,"tcn,transformer","42,43,44,45,46",0.00036166943521594386,18,200000,2.9999850000749997e-05,0.0003054530181894545,True,True,True,False,False
9,1,28_faults_x_8_quality_gated_channels,20_paired_test_run_clusters,"tcn,transformer","42,43,44,45,46",0.0027584302325581417,16,200000,4.9999750001249995e-05,0.0004869540869686956,True,True,True,False,False
20,2,28_faults_x_8_quality_gated_channels,20_paired_test_run_clusters,"tcn,transformer","42,43,44,45,46",0.00032790697674418053,16,200000,0.00018999905000474998,0.0017733244667109997,True,True,True,False,False
24,3,28_faults_x_8_quality_gated_channels,20_paired_test_run_clusters,"tcn,transformer","42,43,44,45,46",0.0002221760797342276,17,200000,0.00026999865000674995,0.0023644326222813333,True,True,False,False,False
17,7,28_faults_x_8_quality_gated_channels,20_paired_test_run_clusters,"tcn,transformer","42,43,44,45,46",0.0002540697674418535,18,200000,0.000279998600007,0.0023644326222813333,True,True,False,False,False
22,1,28_faults_x_8_quality_gated_channels,20_paired_test_run_clusters,"tcn,transformer","42,43,44,45,46",0.0025562707641195994,17,200000,0.000284998575007125,0.0023644326222813333,True,True,True,False,False
12,8,28_faults_x_8_quality_gated_channels,20_paired_test_run_clusters,"tcn,transformer","42,43,44,45,46",0.00014065614617940093,17,200000,0.000344998275008625,0.002759986200069,True,True,False,False,False
25,3,28_faults_x_8_quality_gated_channels,20_paired_test_run_clusters,"tcn,transformer","42,43,44,45,46",0.00021773255813952288,14,200000,0.0005549972250138749,0.004286875117348551,True,True,True,False,False
2,7,28_faults_x_8_quality_gated_channels,20_paired_test_run_clusters,"tcn,transformer","42,43,44,45,46",8.621262458472057e-05,17,200000,0.0005999970000149999,0.004479977600112,True,True,True,False,False
10,11,28_faults_x_8_quality_gated_channels,20_paired_test_run_clusters,"tcn,transformer","42,43,44,45,46",0.0001449335548172731,16,200000,0.000644996775016125,0.004660621858181032,True,True,True,False,False
22,10,28_faults_x_8_quality_gated_channels,20_paired_test_run_clusters,"tcn,transformer","42,43,44,45,46",0.0001572674418604625,17,200000,0.000684996575017125,0.004794976025119874,True,True,False,False,False
20,1,28_faults_x_8_quality_gated_channels,20_paired_test_run_clusters,"tcn,transformer","42,43,44,45,46",0.00047275747508304655,19,200000,0.0011399943000285,0.007738143127466181,True,True,True,False,False
10,3,28_faults_x_8_quality_gated_channels,20_paired_test_run_clusters,"tcn,transformer","42,43,44,45,46",0.00020722591362125177,16,200000,0.0032549837250813746,0.021444598659359645,True,True,True,False,False
16,8,28_faults_x_8_quality_gated_channels,20_paired_test_run_clusters,"tcn,transformer","42,43,44,45,46",0.00023118770764119916,14,200000,0.0036049819750901247,0.0230718846405768,True,True,True,False,False
19,11,28_faults_x_8_quality_gated_channels,20_paired_test_run_clusters,"tcn,transformer","42,43,44,45,46",0.00012458471760797007,15,200000,0.0037849810750946247,0.023550993356144332,True,True,False,False,False
18,3,28_faults_x_8_quality_gated_channels,20_paired_test_run_clusters,"tcn,transformer","42,43,44,45,46",0.0002985880398671076,16,200000,0.004134979325103374,0.02503338834657178,True,True,True,False,False
15,6,28_faults_x_8_quality_gated_channels,20_paired_test_run_clusters,"tcn,transformer","42,43,44,45,46",0.0003551495016611248,15,200000,0.0045799771001145,0.02699775974804337,True,True,True,False,False
26,2,28_faults_x_8_quality_gated_channels,20_paired_test_run_clusters,"tcn,transformer","42,43,44,45,46",0.0005360049833887026,16,200000,0.005114974425127874,0.029378314646888306,True,True,True,False,False
2,2,28_faults_x_8_quality_gated_channels,20_paired_test_run_clusters,"tcn,transformer","42,43,44,45,46",0.0002183554817275735,16,200000,0.0052499737501312494,0.029399853000735,True,True,False,False,False
3,10,28_faults_x_8_quality_gated_channels,20_paired_test_run_clusters,"tcn,transformer","42,43,44,45,46",0.00014431063122923412,15,200000,0.0056099719501402495,0.03064960284954673,True,True,False,False,False
17,1,28_faults_x_8_quality_gated_channels,20_paired_test_run_clusters,"tcn,transformer","42,43,44,45,46",0.00044966777408636917,16,200000,0.007274963625181874,0.038799806000969994,True,True,False,False,False
26,6,28_faults_x_8_quality_gated_channels,20_paired_test_run_clusters,"tcn,transformer","42,43,44,45,46",0.00024252491694352391,13,200000,0.011249943750281249,0.05799082115700533,False,True,False,False,False
24,2,28_faults_x_8_quality_gated_channels,20_paired_test_run_clusters,"tcn,transformer","42,43,44,45,46",0.0018320182724252659,16,200000,0.011484942575287123,0.05799082115700533,False,True,False,False,False
13,1,28_faults_x_8_quality_gated_channels,20_paired_test_run_clusters,"tcn,transformer","42,43,44,45,46",0.00024576411960132715,14,200000,0.011649941750291248,0.05799082115700533,False,True,True,False,False
11,3,28_faults_x_8_quality_gated_channels,20_paired_test_run_clusters,"tcn,transformer","42,43,44,45,46",0.00014343853820598606,14,200000,0.014019929900350498,0.06693753765273726,False,True,False,False,False
2,8,28_faults_x_8_quality_gated_channels,20_paired_test_run_clusters,"tcn,transformer","42,43,44,45,46",2.159468438539147e-05,14,200000,0.014044929775351123,0.06693753765273726,False,True,False,False,False
12,3,28_faults_x_8_quality_gated_channels,20_paired_test_run_clusters,"tcn,transformer","42,43,44,45,46",0.00037304817275747186,12,200000,0.015874920625396874,0.07408296291851875,False,True,True,False,False
15,1,28_faults_x_8_quality_gated_channels,20_paired_test_run_clusters,"tcn,transformer","42,43,44,45,46",0.0012223006644518275,14,200000,0.022084889575552123,0.100959495202524,False,False,True,False,False
20,7,28_faults_x_8_quality_gated_channels,20_paired_test_run_clusters,"tcn,transformer","42,43,44,45,46",9.875415282392385e-05,15,200000,0.024439877800610996,0.10949065254673726,False,False,False,False,False
8,2,28_faults_x_8_quality_gated_channels,20_paired_test_run_clusters,"tcn,transformer","42,43,44,45,46",0.0001410299003322252,14,200000,0.028449857750711245,0.12495623796390821,False,False,False,False,False
12,10,28_faults_x_8_quality_gated_channels,20_paired_test_run_clusters,"tcn,transformer","42,43,44,45,46",4.497508305647991e-05,13,200000,0.030174849125754372,0.12998396546478805,False,False,False,False,False
22,8,28_faults_x_8_quality_gated_channels,20_paired_test_run_clusters,"tcn,transformer","42,43,44,45,46",0.0001347176079734219,14,200000,0.03576482117589412,0.1511569800641563,False,False,False,False,False
7,6,28_faults_x_8_quality_gated_channels,20_paired_test_run_clusters,"tcn,transformer","42,43,44,45,46",1.67774086378808e-05,15,200000,0.03823480882595587,0.1586036514261873,False,False,True,False,False
8,8,28_faults_x_8_quality_gated_channels,20_paired_test_run_clusters,"tcn,transformer","42,43,44,45,46",6.935215946844821e-05,12,200000,0.04041479792601037,0.16459844973502405,False,False,False,False,False
26,10,28_faults_x_8_quality_gated_channels,20_paired_test_run_clusters,"tcn,transformer","42,43,44,45,46",3.459302325580672e-05,14,200000,0.04177479112604437,0.16709916450417747,False,False,False,False,False
19,6,28_faults_x_8_quality_gated_channels,20_paired_test_run_clusters,"tcn,transformer","42,43,44,45,46",0.00016769102990033368,11,200000,0.04294478527607362,0.1687654719621139,False,False,True,False,False
10,1,28_faults_x_8_quality_gated_channels,20_paired_test_run_clusters,"tcn,transformer","42,43,44,45,46",0.0004002491694352167,13,200000,0.04412477937610312,0.17041294103874308,False,False,True,False,False
15,7,28_faults_x_8_quality_gated_channels,20_paired_test_run_clusters,"tcn,transformer","42,43,44,45,46",0.0002257059800664457,13,200000,0.047329763351183246,0.17969266085872962,False,False,False,False,False
28,10,28_faults_x_8_quality_gated_channels,20_paired_test_run_clusters,"tcn,transformer","42,43,44,45,46",7.32142857142809e-05,14,200000,0.04910475447622762,0.18332441671124977,False,False,False,False,False
25,6,28_faults_x_8_quality_gated_channels,20_paired_test_run_clusters,"tcn,transformer","42,43,44,45,46",0.00013176910299003475,10,200000,0.05085474572627137,0.183399083004585,False,False,False,False,False
3,1,28_faults_x_8_quality_gated_channels,20_paired_test_run_clusters,"tcn,transformer","42,43,44,45,46",0.0016573504983388703,13,200000,0.052029739851300744,0.183399083004585,False,False,False,False,False
12,1,28_faults_x_8_quality_gated_channels,20_paired_test_run_clusters,"tcn,transformer","42,43,44,45,46",0.0005630813953488333,11,200000,0.052079739601301994,0.183399083004585,False,False,True,False,False
23,6,28_faults_x_8_quality_gated_channels,20_paired_test_run_clusters,"tcn,transformer","42,43,44,45,46",0.0003781146179402045,12,200000,0.052399738001309995,0.183399083004585,False,False,True,False,False
24,6,28_faults_x_8_quality_gated_channels,20_paired_test_run_clusters,"tcn,transformer","42,43,44,45,46",6.540697674419727e-05,16,200000,0.061994690026549865,0.2136432394761103,False,False,False,False,False
15,2,28_faults_x_8_quality_gated_channels,20_paired_test_run_clusters,"tcn,transformer","42,43,44,45,46",0.00048513289036544526,10,200000,0.06905465472672637,0.2343673130119198,False,False,False,False,False
23,8,28_faults_x_8_quality_gated_channels,20_paired_test_run_clusters,"tcn,transformer","42,43,44,45,46",0.00010755813953488015,13,200000,0.08812955935220324,0.2873105634471828,False,False,True,False,False
13,3,28_faults_x_8_quality_gated_channels,20_paired_test_run_clusters,"tcn,transformer","42,43,44,45,46",8.75415282392039e-05,13,200000,0.08818955905220474,0.2873105634471828,False,False,True,False,False
6,3,28_faults_x_8_quality_gated_channels,20_paired_test_run_clusters,"tcn,transformer","42,43,44,45,46",2.5830564784057313e-05,11,200000,0.08890955545222273,0.2873105634471828,False,False,False,False,False
3,3,28_faults_x_8_quality_gated_channels,20_paired_test_run_clusters,"tcn,transformer","42,43,44,45,46",0.00030776578073089643,13,200000,0.08978455107724462,0.2873105634471828,False,False,False,False,False
20,8,28_faults_x_8_quality_gated_channels,20_paired_test_run_clusters,"tcn,transformer","42,43,44,45,46",2.8529900332228686e-05,12,200000,0.09353453232733837,0.29383743492241443,False,False,False,False,False
28,3,28_faults_x_8_quality_gated_channels,20_paired_test_run_clusters,"tcn,transformer","42,43,44,45,46",0.0004404900332225903,14,200000,0.09448452757736212,0.29383743492241443,False,False,True,False,False
1,2,28_faults_x_8_quality_gated_channels,20_paired_test_run_clusters,"tcn,transformer","42,43,44,45,46",3.6877076411950815e-05,11,200000,0.09575952120239399,0.29383743492241443,False,False,True,False,False
18,6,28_faults_x_8_quality_gated_channels,20_paired_test_run_clusters,"tcn,transformer","42,43,44,45,46",9.173588039867009e-05,13,200000,0.10644946775266123,0.32222541589994746,False,False,False,False,False
6,6,28_faults_x_8_quality_gated_channels,20_paired_test_run_clusters,"tcn,transformer","42,43,44,45,46",7.308970099680901e-06,11,200000,0.11877440612796936,0.3500195157252062,False,False,True,False,False
18,10,28_faults_x_8_quality_gated_channels,20_paired_test_run_clusters,"tcn,transformer","42,43,44,45,46",1.5988372093025394e-05,13,200000,0.11988940055299724,0.3500195157252062,False,False,False,False,False
1,3,28_faults_x_8_quality_gated_channels,20_paired_test_run_clusters,"tcn,transformer","42,43,44,45,46",1.993355481727688e-05,14,200000,0.12094439527802361,0.3500195157252062,False,False,True,False,False
12,6,28_faults_x_8_quality_gated_channels,20_paired_test_run_clusters,"tcn,transformer","42,43,44,45,46",0.00013579734219268893,10,200000,0.12207438962805187,0.3500195157252062,False,False,True,False,False
13,6,28_faults_x_8_quality_gated_channels,20_paired_test_run_clusters,"tcn,transformer","42,43,44,45,46",6.33720930232523e-05,11,200000,0.12344438277808611,0.3500195157252062,False,False,True,False,False
21,2,28_faults_x_8_quality_gated_channels,20_paired_test_run_clusters,"tcn,transformer","42,43,44,45,46",0.00030768272425248853,12,200000,0.12761936190319048,0.3555913084632108,False,False,False,False,False
23,7,28_faults_x_8_quality_gated_channels,20_paired_test_run_clusters,"tcn,transformer","42,43,44,45,46",0.0001923588039867108,11,200000,0.1285843570782146,0.3555913084632108,False,False,False,False,False
27,11,28_faults_x_8_quality_gated_channels,20_paired_test_run_clusters,"tcn,transformer","42,43,44,45,46",0.00014177740863787147,12,200000,0.13294933525332372,0.3631786719115185,False,False,True,False,False
3,11,28_faults_x_8_quality_gated_channels,20_paired_test_run_clusters,"tcn,transformer","42,43,44,45,46",0.00020631229235880118,13,200000,0.1354643226783866,0.36534989738844414,False,False,True,False,False
8,7,28_faults_x_8_quality_gated_channels,20_paired_test_run_clusters,"tcn,transformer","42,43,44,45,46",5.066445182724421e-05,12,200000,0.13991930040349798,0.36534989738844414,False,False,False,False,False
16,11,28_faults_x_8_quality_gated_channels,20_paired_test_run_clusters,"tcn,transformer","42,43,44,45,46",0.00023529900332225768,13,200000,0.1405792971035145,0.36534989738844414,False,False,True,False,False
1,7,28_faults_x_8_quality_gated_channels,20_paired_test_run_clusters,"tcn,transformer","42,43,44,45,46",1.0132890365444066e-05,15,200000,0.14123929380353098,0.36534989738844414,False,False,True,False,False
21,10,28_faults_x_8_quality_gated_channels,20_paired_test_run_clusters,"tcn,transformer","42,43,44,45,46",3.8372093023253676e-05,11,200000,0.1418992905035475,0.36534989738844414,False,False,False,False,False
7,1,28_faults_x_8_quality_gated_channels,20_paired_test_run_clusters,"tcn,transformer","42,43,44,45,46",2.1677740863793595e-05,11,200000,0.14860925695371524,0.378278108609457,False,False,True,False,False
6,2,28_faults_x_8_quality_gated_channels,20_paired_test_run_clusters,"tcn,transformer","42,43,44,45,46",8.388704318945673e-06,14,200000,0.1515642421787891,0.38146505896684,False,False,False,False,False
22,3,28_faults_x_8_quality_gated_channels,20_paired_test_run_clusters,"tcn,transformer","42,43,44,45,46",0.0002389534883720917,11,200000,0.15347923260383697,0.38199275670288313,False,False,True,False,False
16,3,28_faults_x_8_quality_gated_channels,20_paired_test_run_clusters,"tcn,transformer","42,43,44,45,46",0.00031731727574751105,13,200000,0.16256918715406424,0.40017030684077354,False,False,False,False,False
7,10,28_faults_x_8_quality_gated_channels,20_paired_test_run_clusters,"tcn,transformer","42,43,44,45,46",2.159468438541756e-06,9,200000,0.16448917755411224,0.40049538882740376,False,False,False,False,False
2,1,28_faults_x_8_quality_gated_channels,20_paired_test_run_clusters,"tcn,transformer","42,43,44,45,46",0.0001109634551495142,11,200000,0.1740841295793521,0.4192994088792997,False,False,True,False,False
8,11,28_faults_x_8_quality_gated_channels,20_paired_test_run_clusters,"tcn,transformer","42,43,44,45,46",2.9069767441866616e-05,12,200000,0.1813640931795341,0.4321867752363366,False,False,False,False,False
14,6,28_faults_x_8_quality_gated_channels,20_paired_test_run_clusters,"tcn,transformer","42,43,44,45,46",1.9933554817280206e-05,11,200000,0.18511407442962785,0.43647950181301726,False,False,False,False,False
7,2,28_faults_x_8_quality_gated_channels,20_paired_test_run_clusters,"tcn,transformer","42,43,44,45,46",1.4451827242528137e-05,11,200000,0.18949905250473748,0.44195207595390595,False,False,False,False,False
28,6,28_faults_x_8_quality_gated_channels,20_paired_test_run_clusters,"tcn,transformer","42,43,44,45,46",0.00012080564784053228,12,200000,0.19223903880480597,0.44195207595390595,False,False,True,False,False
5,11,28_faults_x_8_quality_gated_channels,20_paired_test_run_clusters,"tcn,transformer","42,43,44,45,46",0.0001600913621262454,9,200000,0.19335403322983385,0.44195207595390595,False,False,False,False,False
5,10,28_faults_x_8_quality_gated_channels,20_paired_test_run_clusters,"tcn,transformer","42,43,44,45,46",2.9401993355480383e-05,10,200000,0.21017394913025436,0.47554509702198966,False,False,False,False,False
8,3,28_faults_x_8_quality_gated_channels,20_paired_test_run_clusters,"tcn,transformer","42,43,44,45,46",4.0531561461800706e-05,13,200000,0.2179239103804481,0.48814955925220377,False,False,False,False,False
1,6,28_faults_x_8_quality_gated_channels,20_paired_test_run_clusters,"tcn,transformer","42,43,44,45,46",9.71760797342236e-06,11,200000,0.22101389493052534,0.4901694303409671,False,False,False,False,False
25,11,28_faults_x_8_quality_gated_channels,20_paired_test_run_clusters,"tcn,transformer","42,43,44,45,46",3.06063122923511e-05,12,200000,0.2440087799561002,0.535862418727122,False,False,False,False,False
6,10,28_faults_x_8_quality_gated_channels,20_paired_test_run_clusters,"tcn,transformer","42,43,44,45,46",9.136212624599739e-07,12,200000,0.250078749606252,0.5413946263602015,False,False,False,False,False
9,10,28_faults_x_8_quality_gated_channels,20_paired_test_run_clusters,"tcn,transformer","42,43,44,45,46",2.6328903654488358e-05,11,200000,0.2527087364563177,0.5413946263602015,False,False,False,False,False
9,6,28_faults_x_8_quality_gated_channels,20_paired_test_run_clusters,"tcn,transformer","42,43,44,45,46",8.990863787375792e-05,12,200000,0.25377873110634447,0.5413946263602015,False,False,False,False,False
8,6,28_faults_x_8_quality_gated_channels,20_paired_test_run_clusters,"tcn,transformer","42,43,44,45,46",3.450996677741457e-05,12,200000,0.26631866840665797,0.562786620029164,False,False,False,False,False
15,10,28_faults_x_8_quality_gated_channels,20_paired_test_run_clusters,"tcn,transformer","42,43,44,45,46",1.794019933554908e-05,11,200000,0.2809135954320228,0.5880807979137674,False,False,False,False,False
13,2,28_faults_x_8_quality_gated_channels,20_paired_test_run_clusters,"tcn,transformer","42,43,44,45,46",2.9526578073087454e-05,11,200000,0.28881855590722044,0.5990310789186795,False,False,False,False,False
2,3,28_faults_x_8_quality_gated_channels,20_paired_test_run_clusters,"tcn,transformer","42,43,44,45,46",1.4202657807316775e-05,14,200000,0.2988235058824706,0.6098776778843379,False,False,False,False,False
27,3,28_faults_x_8_quality_gated_channels,20_paired_test_run_clusters,"tcn,transformer","42,43,44,45,46",0.0001022009966777404,12,200000,0.29949350253248735,0.6098776778843379,False,False,False,False,False
28,8,28_faults_x_8_quality_gated_channels,20_paired_test_run_clusters,"tcn,transformer","42,43,44,45,46",3.17691029900291e-05,10,200000,0.3110284448577757,0.6276610058391149,False,False,False,False,False
24,11,28_faults_x_8_quality_gated_channels,20_paired_test_run_clusters,"tcn,transformer","42,43,44,45,46",1.511627906976509e-05,12,200000,0.31433842830785846,0.6286768566157169,False,False,False,False,False
17,3,28_faults_x_8_quality_gated_channels,20_paired_test_run_clusters,"tcn,transformer","42,43,44,45,46",2.6245847176082358e-05,12,200000,0.32817335913320433,0.6478283398056693,False,False,False,False,False
28,1,28_faults_x_8_quality_gated_channels,20_paired_test_run_clusters,"tcn,transformer","42,43,44,45,46",0.00022039036544850335,10,200000,0.32969835150824245,0.6478283398056693,False,False,False,False,False
1,1,28_faults_x_8_quality_gated_channels,20_paired_test_run_clusters,"tcn,transformer","42,43,44,45,46",1.7192691029904167e-05,13,200000,0.33591332043339783,0.6543007284963576,False,False,True,False,False
28,2,28_faults_x_8_quality_gated_channels,20_paired_test_run_clusters,"tcn,transformer","42,43,44,45,46",0.0001380398671096328,11,200000,0.3451482742586287,0.6664932192580416,False,False,False,False,False
5,3,28_faults_x_8_quality_gated_channels,20_paired_test_run_clusters,"tcn,transformer","42,43,44,45,46",9.327242524916459e-05,11,200000,0.3588482057589712,0.6870256247009363,False,False,False,False,False
20,11,28_faults_x_8_quality_gated_channels,20_paired_test_run_clusters,"tcn,transformer","42,43,44,45,46",1.8770764119606112e-05,9,200000,0.3773031134844326,0.7162364188179059,False,False,False,False,False
9,8,28_faults_x_8_quality_gated_channels,20_paired_test_run_clusters,"tcn,transformer","42,43,44,45,46",2.4335548172760846e-05,9,200000,0.3937830310848446,0.7412386467479428,False,False,False,False,False
12,2,28_faults_x_8_quality_gated_channels,20_paired_test_run_clusters,"tcn,transformer","42,43,44,45,46",7.113787375414736e-05,10,200000,0.40449797751011246,0.7550628913522099,False,False,False,False,False
22,6,28_faults_x_8_quality_gated_channels,20_paired_test_run_clusters,"tcn,transformer","42,43,44,45,46",2.4086378737543368e-05,10,200000,0.41997790011049946,0.7770322438710386,False,False,False,False,False
7,7,28_faults_x_8_quality_gated_channels,20_paired_test_run_clusters,"tcn,transformer","42,43,44,45,46",1.6611295681145944e-06,11,200000,0.4243278783606082,0.7770322438710386,False,False,False,False,False
23,2,28_faults_x_8_quality_gated_channels,20_paired_test_run_clusters,"tcn,transformer","42,43,44,45,46",5.714285714285667e-05,12,200000,0.4266778666106669,0.7770322438710386,False,False,False,False,False
15,3,28_faults_x_8_quality_gated_channels,20_paired_test_run_clusters,"tcn,transformer","42,43,44,45,46",4.5930232558135654e-05,12,200000,0.4301428492857536,0.7770322438710386,False,False,False,False,False
21,6,28_faults_x_8_quality_gated_channels,20_paired_test_run_clusters,"tcn,transformer","42,43,44,45,46",2.34219269102956e-05,9,200000,0.4604876975615122,0.8251939540302299,False,False,False,False,False
20,3,28_faults_x_8_quality_gated_channels,20_paired_test_run_clusters,"tcn,transformer","42,43,44,45,46",5.730897009957879e-06,9,200000,0.4684526577367113,0.8299070315672044,False,False,False,False,False
15,11,28_faults_x_8_quality_gated_channels,20_paired_test_run_clusters,"tcn,transformer","42,43,44,45,46",1.644518272424704e-05,12,200000,0.47052764736176317,0.8299070315672044,False,False,False,False,False
9,3,28_faults_x_8_quality_gated_channels,20_paired_test_run_clusters,"tcn,transformer","42,43,44,45,46",6.5199335548216215e-06,8,200000,0.48922255388723057,0.8476031465996516,False,False,False,False,False
23,11,28_faults_x_8_quality_gated_channels,20_paired_test_run_clusters,"tcn,transformer","42,43,44,45,46",5.813953488369443e-06,9,200000,0.48966255168724154,0.8476031465996516,False,False,False,False,False
21,1,28_faults_x_8_quality_gated_channels,20_paired_test_run_clusters,"tcn,transformer","42,43,44,45,46",1.1835548172753291e-05,11,200000,0.4919125404372978,0.8476031465996516,False,False,False,False,False
9,7,28_faults_x_8_quality_gated_channels,20_paired_test_run_clusters,"tcn,transformer","42,43,44,45,46",-7.059800664427405e-07,10,200000,0.5041074794626027,0.8619853083940687,False,False,False,False,False
18,1,28_faults_x_8_quality_gated_channels,20_paired_test_run_clusters,"tcn,transformer","42,43,44,45,46",-1.3205980066445261e-05,8,200000,0.5138474307628462,0.8719835188702846,False,False,False,False,False
12,11,28_faults_x_8_quality_gated_channels,20_paired_test_run_clusters,"tcn,transformer","42,43,44,45,46",-9.011627906977946e-06,7,200000,0.5260873695631522,0.8860418855800458,False,False,False,False,False
6,8,28_faults_x_8_quality_gated_channels,20_paired_test_run_clusters,"tcn,transformer","42,43,44,45,46",-3.3222591361958777e-07,7,200000,0.5409322953385233,0.9042450310136508,False,False,False,False,False
8,1,28_faults_x_8_quality_gated_channels,20_paired_test_run_clusters,"tcn,transformer","42,43,44,45,46",-2.117940199334535e-05,11,200000,0.5627671861640692,0.929418086722516,False,False,False,False,False
13,7,28_faults_x_8_quality_gated_channels,20_paired_test_run_clusters,"tcn,transformer","42,43,44,45,46",-6.893687707640874e-06,10,200000,0.5644171779141104,0.929418086722516,False,False,False,False,False
18,8,28_faults_x_8_quality_gated_channels,20_paired_test_run_clusters,"tcn,transformer","42,43,44,45,46",-3.945182724250376e-06,10,200000,0.5722871385643071,0.929418086722516,False,False,False,False,False
7,3,28_faults_x_8_quality_gated_channels,20_paired_test_run_clusters,"tcn,transformer","42,43,44,45,46",-4.56810631228044e-06,11,200000,0.5751821240893795,0.929418086722516,False,False,False,False,False
4,11,28_faults_x_8_quality_gated_channels,20_paired_test_run_clusters,"tcn,transformer","42,43,44,45,46",-3.185215946843735e-05,12,200000,0.5767371163144184,0.929418086722516,False,False,False,False,False
17,11,28_faults_x_8_quality_gated_channels,20_paired_test_run_clusters,"tcn,transformer","42,43,44,45,46",-1.1586378737548089e-05,9,200000,0.6146869265653672,0.9650008892812678,False,False,False,False,False
21,3,28_faults_x_8_quality_gated_channels,20_paired_test_run_clusters,"tcn,transformer","42,43,44,45,46",-5.6478405315621706e-05,8,200000,0.6177419112904435,0.9650008892812678,False,False,False,False,False
14,7,28_faults_x_8_quality_gated_channels,20_paired_test_run_clusters,"tcn,transformer","42,43,44,45,46",-5.523255813957853e-06,10,200000,0.6201468992655037,0.9650008892812678,False,False,False,False,False
21,11,28_faults_x_8_quality_gated_channels,20_paired_test_run_clusters,"tcn,transformer","42,43,44,45,46",-4.9543189368775614e-05,8,200000,0.6227668861655692,0.9650008892812678,False,False,False,False,False
16,1,28_faults_x_8_quality_gated_channels,20_paired_test_run_clusters,"tcn,transformer","42,43,44,45,46",-0.00017421096345515222,9,200000,0.6243418782906085,0.9650008892812678,False,False,False,False,False
14,3,28_faults_x_8_quality_gated_channels,20_paired_test_run_clusters,"tcn,transformer","42,43,44,45,46",-7.475083056475151e-06,11,200000,0.6301418492907536,0.9650008892812678,False,False,False,False,False
17,6,28_faults_x_8_quality_gated_channels,20_paired_test_run_clusters,"tcn,transformer","42,43,44,45,46",-1.5365448504978117e-05,9,200000,0.6318518407407963,0.9650008892812678,False,False,False,False,False
6,11,28_faults_x_8_quality_gated_channels,20_paired_test_run_clusters,"tcn,transformer","42,43,44,45,46",-1.993355481728631e-06,8,200000,0.633281833590832,0.9650008892812678,False,False,False,False,False
1,8,28_faults_x_8_quality_gated_channels,20_paired_test_run_clusters,"tcn,transformer","42,43,44,45,46",-2.9900332226007198e-06,9,200000,0.6438317808410958,0.9744481007324695,False,False,False,False,False
2,11,28_faults_x_8_quality_gated_channels,20_paired_test_run_clusters,"tcn,transformer","42,43,44,45,46",-5.149501661127487e-06,7,200000,0.6562217188914056,0.9752793341296451,False,False,False,False,False
15,8,28_faults_x_8_quality_gated_channels,20_paired_test_run_clusters,"tcn,transformer","42,43,44,45,46",-2.3671096345518343e-05,11,200000,0.6602216988915055,0.9752793341296451,False,False,False,False,False
7,8,28_faults_x_8_quality_gated_channels,20_paired_test_run_clusters,"tcn,transformer","42,43,44,45,46",-1.3289036544728015e-06,7,200000,0.6605666971665142,0.9752793341296451,False,False,False,False,False
26,1,28_faults_x_8_quality_gated_channels,20_paired_test_run_clusters,"tcn,transformer","42,43,44,45,46",-7.33803986711057e-05,11,200000,0.6617966910165449,0.9752793341296451,False,False,False,False,False
9,11,28_faults_x_8_quality_gated_channels,20_paired_test_run_clusters,"tcn,transformer","42,43,44,45,46",-7.180232558139048e-05,8,200000,0.6847915760421198,1.0,False,False,False,False,False
26,11,28_faults_x_8_quality_gated_channels,20_paired_test_run_clusters,"tcn,transformer","42,43,44,45,46",-3.534053156147576e-05,10,200000,0.691281543592282,1.0,False,False,False,False,False
21,7,28_faults_x_8_quality_gated_channels,20_paired_test_run_clusters,"tcn,transformer","42,43,44,45,46",-8.189368770764453e-05,9,200000,0.6925565372173139,1.0,False,False,False,False,False
14,11,28_faults_x_8_quality_gated_channels,20_paired_test_run_clusters,"tcn,transformer","42,43,44,45,46",-1.2790697674419648e-05,8,200000,0.7086214568927155,1.0,False,False,False,False,False
1,11,28_faults_x_8_quality_gated_channels,20_paired_test_run_clusters,"tcn,transformer","42,43,44,45,46",-5.64784053156353e-06,7,200000,0.7090214548927255,1.0,False,False,False,False,False
21,8,28_faults_x_8_quality_gated_channels,20_paired_test_run_clusters,"tcn,transformer","42,43,44,45,46",-3.7624584717611824e-05,8,200000,0.7094314528427358,1.0,False,False,False,False,False
16,6,28_faults_x_8_quality_gated_channels,20_paired_test_run_clusters,"tcn,transformer","42,43,44,45,46",-8.55897009966805e-05,8,200000,0.7196214018929905,1.0,False,False,False,False,False
6,1,28_faults_x_8_quality_gated_channels,20_paired_test_run_clusters,"tcn,transformer","42,43,44,45,46",-9.136212624583639e-06,8,200000,0.7239663801680991,1.0,False,False,False,False,False
13,8,28_faults_x_8_quality_gated_channels,20_paired_test_run_clusters,"tcn,transformer","42,43,44,45,46",-1.0382059800670973e-05,9,200000,0.7366363168184159,1.0,False,False,False,False,False
28,11,28_faults_x_8_quality_gated_channels,20_paired_test_run_clusters,"tcn,transformer","42,43,44,45,46",-0.00011673588039867458,8,200000,0.7481062594687027,1.0,False,False,False,False,False
22,7,28_faults_x_8_quality_gated_channels,20_paired_test_run_clusters,"tcn,transformer","42,43,44,45,46",-0.0001543604651162744,11,200000,0.7562112189439053,1.0,False,False,False,False,False
2,6,28_faults_x_8_quality_gated_channels,20_paired_test_run_clusters,"tcn,transformer","42,43,44,45,46",-1.7524916943518768e-05,7,200000,0.777481112594437,1.0,False,False,False,False,False
8,10,28_faults_x_8_quality_gated_channels,20_paired_test_run_clusters,"tcn,transformer","42,43,44,45,46",-4.5681063122865466e-06,11,200000,0.7825610871945641,1.0,False,False,False,False,False
3,6,28_faults_x_8_quality_gated_channels,20_paired_test_run_clusters,"tcn,transformer","42,43,44,45,46",-0.00016519933554817517,7,200000,0.7933860330698347,1.0,False,False,False,False,False
16,10,28_faults_x_8_quality_gated_channels,20_paired_test_run_clusters,"tcn,transformer","42,43,44,45,46",-2.998338870431883e-05,8,200000,0.8135909320453397,1.0,False,False,False,False,False
5,6,28_faults_x_8_quality_gated_channels,20_paired_test_run_clusters,"tcn,transformer","42,43,44,45,46",-0.00016524086378738036,8,200000,0.8249908750456247,1.0,False,False,False,False,False
11,11,28_faults_x_8_quality_gated_channels,20_paired_test_run_clusters,"tcn,transformer","42,43,44,45,46",-3.970099667773785e-05,7,200000,0.8315108424457878,1.0,False,False,False,False,False
13,11,28_faults_x_8_quality_gated_channels,20_paired_test_run_clusters,"tcn,transformer","42,43,44,45,46",-3.83720930232545e-05,5,200000,0.8609006954965225,1.0,False,False,False,False,False
1,10,28_faults_x_8_quality_gated_channels,20_paired_test_run_clusters,"tcn,transformer","42,43,44,45,46",-3.571428571427226e-06,8,200000,0.870600646996765,1.0,False,False,False,False,False
7,11,28_faults_x_8_quality_gated_channels,20_paired_test_run_clusters,"tcn,transformer","42,43,44,45,46",-9.634551495009138e-06,9,200000,0.8875405622971885,1.0,False,False,False,False,False
22,11,28_faults_x_8_quality_gated_channels,20_paired_test_run_clusters,"tcn,transformer","42,43,44,45,46",-0.00017661960132889787,7,200000,0.8911355443222784,1.0,False,False,False,False,False
23,10,28_faults_x_8_quality_gated_channels,20_paired_test_run_clusters,"tcn,transformer","42,43,44,45,46",-5.137043189369139e-05,8,200000,0.9188054059729701,1.0,False,False,False,False,False
20,6,28_faults_x_8_quality_gated_channels,20_paired_test_run_clusters,"tcn,transformer","42,43,44,45,46",-6.486710963455545e-05,6,200000,0.9195654021729891,1.0,False,False,False,False,False
5,1,28_faults_x_8_quality_gated_channels,20_paired_test_run_clusters,"tcn,transformer","42,43,44,45,46",-0.0009339700996677773,9,200000,0.935960320198399,1.0,False,False,False,False,False
27,6,28_faults_x_8_quality_gated_channels,20_paired_test_run_clusters,"tcn,transformer","42,43,44,45,46",-0.0003048172757475076,7,200000,0.9426602866985665,1.0,False,False,False,False,False
20,10,28_faults_x_8_quality_gated_channels,20_paired_test_run_clusters,"tcn,transformer","42,43,44,45,46",-1.7026578073083274e-05,6,200000,0.9459352703236484,1.0,False,False,False,False,False
23,1,28_faults_x_8_quality_gated_channels,20_paired_test_run_clusters,"tcn,transformer","42,43,44,45,46",-0.0009674003322259152,8,200000,0.9496602516987415,1.0,False,False,False,False,False
19,10,28_faults_x_8_quality_gated_channels,20_paired_test_run_clusters,"tcn,transformer","42,43,44,45,46",-5.0664451827238684e-05,8,200000,0.952040239798801,1.0,False,False,False,False,False
17,10,28_faults_x_8_quality_gated_channels,20_paired_test_run_clusters,"tcn,transformer","42,43,44,45,46",-1.374584717608429e-05,8,200000,0.9533702331488343,1.0,False,False,False,False,False
16,2,28_faults_x_8_quality_gated_channels,20_paired_test_run_clusters,"tcn,transformer","42,43,44,45,46",-0.0005637873754152768,7,200000,0.9543052284738577,1.0,False,False,False,False,False
10,8,28_faults_x_8_quality_gated_channels,20_paired_test_run_clusters,"tcn,transformer","42,43,44,45,46",-8.77906976744247e-05,6,200000,0.9574452127739361,1.0,False,False,False,False,False
5,2,28_faults_x_8_quality_gated_channels,20_paired_test_run_clusters,"tcn,transformer","42,43,44,45,46",-0.0007960963455149493,5,200000,0.9633351833240834,1.0,False,False,False,False,False
5,7,28_faults_x_8_quality_gated_channels,20_paired_test_run_clusters,"tcn,transformer","42,43,44,45,46",-0.00031461794019933874,8,200000,0.9648951755241224,1.0,False,False,False,False,False
3,7,28_faults_x_8_quality_gated_channels,20_paired_test_run_clusters,"tcn,transformer","42,43,44,45,46",-0.00037317275747508153,7,200000,0.9696851515742422,1.0,False,False,False,False,False
16,7,28_faults_x_8_quality_gated_channels,20_paired_test_run_clusters,"tcn,transformer","42,43,44,45,46",-0.00037113787375414814,6,200000,0.9715801420992896,1.0,False,False,False,False,False
13,10,28_faults_x_8_quality_gated_channels,20_paired_test_run_clusters,"tcn,transformer","42,43,44,45,46",-2.33388704319043e-05,7,200000,0.9814550927245363,1.0,False,False,False,False,False
5,8,28_faults_x_8_quality_gated_channels,20_paired_test_run_clusters,"tcn,transformer","42,43,44,45,46",-0.00013235049833887404,4,200000,0.9814750926245369,1.0,False,False,False,False,False
10,6,28_faults_x_8_quality_gated_channels,20_paired_test_run_clusters,"tcn,transformer","42,43,44,45,46",-0.0001682308970099622,6,200000,0.985080074599627,1.0,False,False,False,False,False
9,2,28_faults_x_8_quality_gated_channels,20_paired_test_run_clusters,"tcn,transformer","42,43,44,45,46",-0.0008053571428571433,6,200000,0.9870250648746757,1.0,False,False,False,False,False
10,10,28_faults_x_8_quality_gated_channels,20_paired_test_run_clusters,"tcn,transformer","42,43,44,45,46",-3.571428571429336e-05,7,200000,0.988360058199709,1.0,False,False,False,False,False
28,7,28_faults_x_8_quality_gated_channels,20_paired_test_run_clusters,"tcn,transformer","42,43,44,45,46",-0.00037985880398671125,6,200000,0.9903450482747587,1.0,False,False,False,False,False
22,2,28_faults_x_8_quality_gated_channels,20_paired_test_run_clusters,"tcn,transformer","42,43,44,45,46",-0.001067151162790695,5,200000,0.993560032199839,1.0,False,False,False,False,False
6,7,28_faults_x_8_quality_gated_channels,20_paired_test_run_clusters,"tcn,transformer","42,43,44,45,46",-8.305647840526896e-06,6,200000,0.9939900300498498,1.0,False,False,False,False,False
27,2,28_faults_x_8_quality_gated_channels,20_paired_test_run_clusters,"tcn,transformer","42,43,44,45,46",-0.0008657807308970142,4,200000,0.9971150144249279,1.0,False,False,False,False,False
17,8,28_faults_x_8_quality_gated_channels,20_paired_test_run_clusters,"tcn,transformer","42,43,44,45,46",-8.181063122924606e-05,4,200000,0.9974550127249364,1.0,False,False,False,False,False
11,6,28_faults_x_8_quality_gated_channels,20_paired_test_run_clusters,"tcn,transformer","42,43,44,45,46",-0.0002169019933554828,6,200000,0.9980050099749501,1.0,False,False,False,False,False
18,2,28_faults_x_8_quality_gated_channels,20_paired_test_run_clusters,"tcn,transformer","42,43,44,45,46",-0.0005039867109634611,5,200000,0.9981850090749547,1.0,False,False,False,False,False
14,8,28_faults_x_8_quality_gated_channels,20_paired_test_run_clusters,"tcn,transformer","42,43,44,45,46",-3.646179401993965e-05,4,200000,0.9981950090249548,1.0,False,False,False,False,False
27,1,28_faults_x_8_quality_gated_channels,20_paired_test_run_clusters,"tcn,transformer","42,43,44,45,46",-0.0018549833887043221,3,200000,0.9989450052749737,1.0,False,False,False,False,False
18,7,28_faults_x_8_quality_gated_channels,20_paired_test_run_clusters,"tcn,transformer","42,43,44,45,46",-0.0003269933554817373,5,200000,0.9994550027249863,1.0,False,False,False,False,False
26,7,28_faults_x_8_quality_gated_channels,20_paired_test_run_clusters,"tcn,transformer","42,43,44,45,46",-0.0002781561461794197,4,200000,0.9995500022499888,1.0,False,False,False,False,False
3,2,28_faults_x_8_quality_gated_channels,20_paired_test_run_clusters,"tcn,transformer","42,43,44,45,46",-0.0018468023255813985,4,200000,0.9996100019499903,1.0,False,False,False,False,False
19,2,28_faults_x_8_quality_gated_channels,20_paired_test_run_clusters,"tcn,transformer","42,43,44,45,46",-0.003256561461794013,4,200000,0.9996600016999915,1.0,False,False,False,False,False
18,11,28_faults_x_8_quality_gated_channels,20_paired_test_run_clusters,"tcn,transformer","42,43,44,45,46",-0.00023380398671096143,4,200000,0.9997150014249929,1.0,False,False,False,False,False
14,2,28_faults_x_8_quality_gated_channels,20_paired_test_run_clusters,"tcn,transformer","42,43,44,45,46",-0.00026328903654484977,4,200000,0.9998250008749956,1.0,False,False,False,False,False
17,2,28_faults_x_8_quality_gated_channels,20_paired_test_run_clusters,"tcn,transformer","42,43,44,45,46",-0.00025913621262459326,3,200000,0.9999350003249984,1.0,False,False,False,False,False
2,10,28_faults_x_8_quality_gated_channels,20_paired_test_run_clusters,"tcn,transformer","42,43,44,45,46",-3.3554817275744934e-05,3,200000,0.9999550002249988,1.0,False,False,False,False,False
10,2,28_faults_x_8_quality_gated_channels,20_paired_test_run_clusters,"tcn,transformer","42,43,44,45,46",-0.0010999584717608024,3,200000,0.9999700001499993,1.0,False,False,False,False,False
10,7,28_faults_x_8_quality_gated_channels,20_paired_test_run_clusters,"tcn,transformer","42,43,44,45,46",-0.0012848837209302436,1,200000,0.9999750001249994,1.0,False,False,False,False,False
14,1,28_faults_x_8_quality_gated_channels,20_paired_test_run_clusters,"tcn,transformer","42,43,44,45,46",-0.0005845514950166142,2,200000,0.9999900000499997,1.0,False,False,False,False,False
4,7,28_faults_x_8_quality_gated_channels,20_paired_test_run_clusters,"tcn,transformer","42,43,44,45,46",-0.0018879152823920262,1,200000,0.9999950000249999,1.0,False,False,False,False,False
11,1,28_faults_x_8_quality_gated_channels,20_paired_test_run_clusters,"tcn,transformer","42,43,44,45,46",-0.002429609634551485,1,200000,0.9999950000249999,1.0,False,False,False,False,False
11,2,28_faults_x_8_quality_gated_channels,20_paired_test_run_clusters,"tcn,transformer","42,43,44,45,46",-0.0011038621262458447,1,200000,0.9999950000249999,1.0,False,False,False,False,False
12,7,28_faults_x_8_quality_gated_channels,20_paired_test_run_clusters,"tcn,transformer","42,43,44,45,46",-0.0008834717607973457,2,200000,0.9999950000249999,1.0,False,False,False,False,False
4,1,28_faults_x_8_quality_gated_channels,20_paired_test_run_clusters,"tcn,transformer","42,43,44,45,46",-0.019904111295681058,0,200000,1.0,1.0,False,False,False,False,False
4,2,28_faults_x_8_quality_gated_channels,20_paired_test_run_clusters,"tcn,transformer","42,43,44,45,46",-0.018864617940199342,0,200000,1.0,1.0,False,False,False,False,False
4,8,28_faults_x_8_quality_gated_channels,20_paired_test_run_clusters,"tcn,transformer","42,43,44,45,46",-0.0009294435215946806,0,200000,1.0,1.0,False,False,False,False,False
11,7,28_faults_x_8_quality_gated_channels,20_paired_test_run_clusters,"tcn,transformer","42,43,44,45,46",-0.0018858803986710952,0,200000,1.0,1.0,False,False,False,False,False
24,10,28_faults_x_8_quality_gated_channels,20_paired_test_run_clusters,"tcn,transformer","42,43,44,45,46",-0.00020614617940197533,0,200000,1.0,1.0,False,False,False,False,False
25,10,28_faults_x_8_quality_gated_channels,20_paired_test_run_clusters,"tcn,transformer","42,43,44,45,46",-0.00013210132890365602,0,200000,1.0,1.0,False,False,False,False,False
26,8,28_faults_x_8_quality_gated_channels,20_paired_test_run_clusters,"tcn,transformer","42,43,44,45,46",-0.00028563122923588863,1,200000,1.0,1.0,False,False,False,False,False
27,7,28_faults_x_8_quality_gated_channels,20_paired_test_run_clusters,"tcn,transformer","42,43,44,45,46",-0.0018950166112956857,0,200000,1.0,1.0,False,False,False,False,False
