architecture,variant,seed,window,parameters,epochs_run,best_epoch,best_validation_mse,threshold,evaluation_role,common_first_sample,test_evaluated,run_fingerprint,auroc,auprc,detected_run_ratio,missed_run_ratio,detection_delay_detected_only,censored_delay_mean,prefault_sample_fpr,prefault_run_alarm_rate,elapsed_seconds
tcn,F0,47,20,20841,50,50,0.5714726353678811,0.8360904455184937,development_benchmark,121,True,0979035d0796202fb14c76da99fa82e5ca7cf9ca0187797f6ba1ae2bad2cbd85,0.7662110052107373,0.9196381441747825,0.6732142857142858,0.32678571428571423,59.49867374005305,497.88214285714287,0.00997986877423203,0.0,1534.4080851000035
tcn,F0,47,60,20841,50,44,0.5777751882954527,0.8344871997833252,development_benchmark,121,True,0979035d0796202fb14c76da99fa82e5ca7cf9ca0187797f6ba1ae2bad2cbd85,0.7676181643704408,0.9202853595591327,0.6767857142857143,0.3232142857142857,68.16094986807389,498.9535714285714,0.009961228750372801,0.0,1499.1086077000946
tcn,F0,47,120,20841,50,48,0.5652534438550698,0.8289270401000977,development_benchmark,121,True,0979035d0796202fb14c76da99fa82e5ca7cf9ca0187797f6ba1ae2bad2cbd85,0.764577309889547,0.9190752703856743,0.6696428571428571,0.3303571428571429,61.101333333333336,503.74642857142857,0.010173725022368029,0.0,1753.7421727000037
tcn,F1,47,20,21897,50,50,0.5753840350274356,0.8307169675827026,development_benchmark,121,True,0979035d0796202fb14c76da99fa82e5ca7cf9ca0187797f6ba1ae2bad2cbd85,0.8233122528267641,0.9420325751614257,0.6875,0.3125,32.58441558441559,460.2142857142857,0.00987548464062034,0.0,999.0206461000489
tcn,F1,47,60,21897,50,50,0.5526076589304935,0.8251089453697205,development_benchmark,121,True,0979035d0796202fb14c76da99fa82e5ca7cf9ca0187797f6ba1ae2bad2cbd85,0.8219216243694171,0.9414482241477703,0.6803571428571429,0.3196428571428571,23.46719160104987,463.7857142857143,0.01016254100805249,0.0,1243.0814738000045
tcn,F1,47,120,21897,50,47,0.5623287470561869,0.8231303095817566,development_benchmark,121,True,0979035d0796202fb14c76da99fa82e5ca7cf9ca0187797f6ba1ae2bad2cbd85,0.821554495098584,0.9414709032430948,0.6821428571428572,0.31785714285714284,27.20418848167539,463.875,0.01019236504622726,0.0,1818.0617899999488
tcn,F0-C,47,20,21986,50,47,0.5714392452025354,0.8377928137779236,development_benchmark,121,True,0979035d0796202fb14c76da99fa82e5ca7cf9ca0187797f6ba1ae2bad2cbd85,0.7644063157366375,0.9189022767843632,0.6767857142857143,0.3232142857142857,66.2981530343008,497.6928571428571,0.010073068893528183,0.0,1128.8412525999593
tcn,F0-C,47,60,21986,50,50,0.5565996691372678,0.8281630873680115,development_benchmark,121,True,0979035d0796202fb14c76da99fa82e5ca7cf9ca0187797f6ba1ae2bad2cbd85,0.764747435212926,0.9189929882280767,0.6660714285714285,0.33392857142857146,59.1260053619303,507.2160714285714,0.010102892931702953,0.0,1353.7363485000096
tcn,F0-C,47,120,21986,50,50,0.5685645231910267,0.8270003795623779,development_benchmark,121,True,0979035d0796202fb14c76da99fa82e5ca7cf9ca0187797f6ba1ae2bad2cbd85,0.7733936452645247,0.9224150767169643,0.6803571428571429,0.3196428571428571,51.044619422572175,482.54821428571427,0.010300477184610796,0.0,1936.8094421999995
transformer,F0,47,20,23689,50,49,0.5403178377502441,0.8226093053817749,development_benchmark,121,True,0979035d0796202fb14c76da99fa82e5ca7cf9ca0187797f6ba1ae2bad2cbd85,0.747164760313679,0.9120412578412491,0.6428571428571429,0.3571428571428571,49.46388888888889,532.1553571428572,0.010084252907843722,0.0,1255.571280800039
transformer,F0,47,60,23689,41,41,0.5387333005582836,0.8212160468101501,development_benchmark,121,True,0979035d0796202fb14c76da99fa82e5ca7cf9ca0187797f6ba1ae2bad2cbd85,0.7476692332983561,0.9121857683411367,0.6428571428571429,0.3571428571428571,45.00833333333333,529.2910714285714,0.010121532955562182,0.0,1279.8177353000501
transformer,F0,47,120,23689,50,46,0.5386644632995832,0.8188302516937256,development_benchmark,121,True,0979035d0796202fb14c76da99fa82e5ca7cf9ca0187797f6ba1ae2bad2cbd85,0.7498131192205663,0.9131026503751994,0.6428571428571429,0.3571428571428571,48.827777777777776,531.7464285714286,0.01034521324187295,0.0,2744.0374621000374
transformer,F1,47,20,24041,50,50,0.5348792093765952,0.8159679770469666,development_benchmark,121,True,0979035d0796202fb14c76da99fa82e5ca7cf9ca0187797f6ba1ae2bad2cbd85,0.8061224201865805,0.9359942506509142,0.6785714285714286,0.3214285714285714,24.08421052631579,466.6642857142857,0.009972412764688339,0.0,1253.437376899994
transformer,F1,47,60,24041,47,47,0.5353706408395761,0.8173043131828308,development_benchmark,121,True,0979035d0796202fb14c76da99fa82e5ca7cf9ca0187797f6ba1ae2bad2cbd85,0.8094416420339712,0.9374952654979717,0.6821428571428572,0.31785714285714284,27.56020942408377,464.11785714285713,0.010140172979421413,0.0,1483.880869799992
transformer,F1,47,120,24041,50,47,0.5351748560594484,0.8174801468849182,development_benchmark,121,True,0979035d0796202fb14c76da99fa82e5ca7cf9ca0187797f6ba1ae2bad2cbd85,0.8066372894939359,0.9362760454575052,0.6785714285714286,0.3214285714285714,24.442105263157895,466.90714285714284,0.009950044736057262,0.0,2830.035723200068
transformer,F0-C,47,20,23689,50,49,0.5403178377502441,0.8226093053817749,development_benchmark,121,True,0979035d0796202fb14c76da99fa82e5ca7cf9ca0187797f6ba1ae2bad2cbd85,0.747164760313679,0.9120412578412491,0.6428571428571429,0.3571428571428571,49.46388888888889,532.1553571428572,0.010084252907843722,0.0,1248.8444048000965
transformer,F0-C,47,60,23689,41,41,0.5387333005582836,0.8212160468101501,development_benchmark,121,True,0979035d0796202fb14c76da99fa82e5ca7cf9ca0187797f6ba1ae2bad2cbd85,0.7476692332983561,0.9121857683411367,0.6428571428571429,0.3571428571428571,45.00833333333333,529.2910714285714,0.010121532955562182,0.0,1275.2297673000721
transformer,F0-C,47,120,23689,50,46,0.5386644632995832,0.8188302516937256,development_benchmark,121,True,0979035d0796202fb14c76da99fa82e5ca7cf9ca0187797f6ba1ae2bad2cbd85,0.7498131192205663,0.9131026503751994,0.6428571428571429,0.3571428571428571,48.827777777777776,531.7464285714286,0.01034521324187295,0.0,2741.0133722000755
