architecture,fault_id,channel,block_length,draws,run_delta_auroc_mean,run_delta_auroc_ci_low,run_delta_auroc_ci_high,run_delta_auprc_mean,run_delta_auprc_ci_low,run_delta_auprc_ci_high
tcn,4,10,5,1,0.1653843023255814,0.12376834094684386,0.20641142441860463,0.12008849268255041,0.08671436834690138,0.1522660311404147
tcn,4,10,5,3,0.16534360465116277,0.12359374169435214,0.20553238372093027,0.12005266372855311,0.08664584892288255,0.15162299252255154
tcn,4,10,5,10,0.16532059800664456,0.12128601744186046,0.20567820598006645,0.12006396328209056,0.08522933593212342,0.1522933684823276
tcn,4,10,10,1,0.16531627906976745,0.12382066029900335,0.20602062707641194,0.12006527746662381,0.08677560800130758,0.152381273669769
tcn,4,10,10,3,0.16527059800664454,0.12411661544850498,0.20439235465116276,0.12003463787395076,0.08705952313598857,0.15137001039900994
tcn,4,10,10,10,0.16532666112956812,0.12304289867109636,0.20564815199335548,0.12008771885501698,0.08543370886579053,0.15221361020846466
tcn,4,10,20,1,0.1653453488372093,0.12387598837209303,0.20561504568106306,0.12002126095240971,0.08685734866449292,0.15185547114395603
tcn,4,10,20,3,0.1653142857142857,0.12443243770764119,0.20512339285714287,0.12002889006346942,0.08708512127203055,0.15163386366965603
tcn,4,10,20,10,0.1652898671096346,0.12384443521594683,0.20660440614617942,0.12004739676210356,0.08642338098273723,0.15223931172977045
tcn,19,7,5,1,0.13573496677740865,0.12745224460132892,0.144441665282392,0.09407573536766665,0.08704028807945928,0.10100179838495224
tcn,19,7,5,3,0.13563803986710965,0.12718786129568108,0.14394697259136208,0.09400085031537934,0.08714231600372052,0.10099913848663321
tcn,19,7,5,10,0.13559684385382062,0.12730269933554822,0.14410002906976746,0.09397140596631628,0.08723780439956011,0.10065859342152768
tcn,19,7,10,1,0.13578812292358805,0.12680661752491693,0.14398352990033222,0.09401864145962201,0.0869874005438396,0.1008078780770103
tcn,19,7,10,3,0.13549136212624588,0.1273587832225914,0.14391664867109635,0.09388861156121886,0.0869946853829901,0.10073726983888186
tcn,19,7,10,10,0.13553504983388706,0.1270975166112957,0.14365561461794019,0.09394847335451956,0.08716832088609848,0.10077823652031917
tcn,19,7,20,1,0.13540830564784054,0.12689223837209304,0.14397631229235883,0.09389685330860437,0.08729772563317842,0.10076543142444888
tcn,19,7,20,3,0.13545830564784056,0.1270970058139535,0.14383139950166113,0.0939421517855914,0.08714417251774065,0.1006756292087246
tcn,19,7,20,10,0.13558754152823918,0.12731005398671097,0.14395615448504986,0.09397217072123504,0.08731372858519135,0.10086891999740868
tcn,19,8,5,1,0.05543504983388704,0.05060181478405316,0.060413077242524905,0.0337395175689424,0.030622336446644024,0.03694868125158193
tcn,19,8,5,3,0.05550083056478407,0.05055364202657806,0.06049085963455152,0.03377588749001605,0.030631941294628626,0.0369572280009874
tcn,19,8,5,10,0.05556370431893688,0.050865004152823926,0.06046763704318937,0.033813062945199174,0.030727477716649913,0.0370086619895898
tcn,19,8,10,1,0.05552159468438539,0.0503772134551495,0.060412325581395365,0.03380444403016194,0.03051526779649163,0.036998120851741395
tcn,19,8,10,3,0.05555797342192692,0.050631677740863815,0.060733401162790704,0.03381338505908533,0.03061515428485054,0.03714506450062659
tcn,19,8,10,10,0.055584136212624584,0.05066684177740864,0.0603895058139535,0.03382728746530558,0.030642405029325206,0.03685826505857057
tcn,19,8,20,1,0.05555431893687708,0.05063396594684386,0.06028127076411959,0.03382112504781136,0.03061726474159037,0.0369220014448298
tcn,19,8,20,3,0.055536212624584726,0.0505497965116279,0.060455041528239224,0.03380737072693527,0.030534319184444242,0.03687925202657558
tcn,19,8,20,10,0.055568106312292365,0.050589717607973435,0.06035767857142857,0.033822262455225675,0.030544774238277263,0.03699151557463509
tcn,25,2,5,1,0.29010373754152824,0.2851825975913621,0.2946980274086379,0.23474543358646277,0.23082638083586562,0.23867971416609918
tcn,25,2,5,3,0.289825830564784,0.2848522072259137,0.29486345722591367,0.2343827415210378,0.23039300784793426,0.2383078457287663
tcn,25,2,5,10,0.28964476744186046,0.2848745867940199,0.2944379526578073,0.23418845576622171,0.23026022646320388,0.23829960505894343
tcn,25,2,10,1,0.29000822259136216,0.28541857558139533,0.29486119601328903,0.2347279361669781,0.23093101374389907,0.23883475205770097
tcn,25,2,10,3,0.2897053986710964,0.2846188870431894,0.2948637894518272,0.23433150664035687,0.23042174835915355,0.23868827289205857
tcn,25,2,10,10,0.2897885382059801,0.2850163621262458,0.29473736088039865,0.23426443033814315,0.23041775148191687,0.23823814480987976
tcn,25,2,20,1,0.28980764119601327,0.2849381229235881,0.2944685797342193,0.2340084731234014,0.23014960747304775,0.2376686221693856
tcn,25,2,20,3,0.2898229235880399,0.2845695992524917,0.2947868417774086,0.23427681930274094,0.23014244847042833,0.2382358855010121
tcn,25,2,20,10,0.2898621262458472,0.28498275955149505,0.2948726287375415,0.23434220812627074,0.2303552153059522,0.2385972355796429
transformer,4,10,5,1,0.10544169435215947,0.0908215946843854,0.11976395556478407,0.08704481939100146,0.07677074097980988,0.0968186722183225
transformer,4,10,5,3,0.10541179401993356,0.09039737541528241,0.11996729651162791,0.08700241101841553,0.07616259168218147,0.09688929609438633
transformer,4,10,5,10,0.10538978405315615,0.09048488787375418,0.1200153696013289,0.08700045266226639,0.07611966043609432,0.09717437809442112
transformer,4,10,10,1,0.10542591362126247,0.09030318936877074,0.11963978820598008,0.08699591147485214,0.0760614157048705,0.09654567385309523
transformer,4,10,10,3,0.10540705980066446,0.09015068106312292,0.11950184593023254,0.08700600022952473,0.07609163067111532,0.0967103746789556
transformer,4,10,10,10,0.10540730897009967,0.09064517026578074,0.11971601328903654,0.08700106101732924,0.07636156200341626,0.09678702661801128
transformer,4,10,20,1,0.10538538205980068,0.09040260797342195,0.1196497176079734,0.0870107265446336,0.07628275299240338,0.09627662982020845
transformer,4,10,20,3,0.10540332225913622,0.09047094269102987,0.11969689368770764,0.08701573726919756,0.07637575463433938,0.09682995090476443
transformer,4,10,20,10,0.10538945182724253,0.09065325789036545,0.1196035880398671,0.08698496328850559,0.07650456113517384,0.09670548040576789
transformer,19,7,5,1,0.12351337209302328,0.113462396179402,0.13344290282392024,0.08662434100643743,0.07874187654039314,0.0943825639471674
transformer,19,7,5,3,0.12347151162790697,0.11387369601328903,0.1332378696013289,0.08657083241398646,0.07900481939500978,0.09387778386473088
transformer,19,7,5,10,0.1234661129568106,0.11319372093023256,0.13344063953488372,0.0865720518136146,0.0782538804683296,0.09430447439086415
transformer,19,7,10,1,0.1237137873754153,0.11329319767441859,0.1338418895348837,0.08671565728603259,0.07843454129260755,0.09467808766724016
transformer,19,7,10,3,0.1234136212624585,0.11315283637873755,0.133331353820598,0.08652591433151892,0.0784841976382852,0.09409999240695366
transformer,19,7,10,10,0.12345332225913622,0.11357623546511626,0.13385085132890367,0.086561431787605,0.07870435631668417,0.09479307368388029
transformer,19,7,20,1,0.12337134551495016,0.11365764534883722,0.1333787022425249,0.0865339234013613,0.0790327604250587,0.09411716673297398
transformer,19,7,20,3,0.12348787375415282,0.11330220930232557,0.13311673588039868,0.0866250589331708,0.07832527952876317,0.09387513946495057
transformer,19,7,20,10,0.12354385382059802,0.11395173172757475,0.1333137666112957,0.08663550997136796,0.0788791780815688,0.09409238903727667
transformer,19,8,5,1,0.053104235880398656,0.04645617524916944,0.05950794642857145,0.032205809892171894,0.02775022363439865,0.036406789203130896
transformer,19,8,5,3,0.05307117940199335,0.04687146802325582,0.059731108803986716,0.032179992984762394,0.02801007018711402,0.03658134225271525
transformer,19,8,5,10,0.05311677740863788,0.04670393272425252,0.06008988372093022,0.032209711365801856,0.027900482565840063,0.03656702250194864
transformer,19,8,10,1,0.053138039867109646,0.046958999169435224,0.06009174418604654,0.032228603435682145,0.028097826246956593,0.03664734090721344
transformer,19,8,10,3,0.05309584717607973,0.046575963455149506,0.06012645348837211,0.03220189697669401,0.027869767846646368,0.036593309001161284
transformer,19,8,10,10,0.05311154485049834,0.04666846968438537,0.06012686877076413,0.03221216194246465,0.027912687550645795,0.03677803027267082
transformer,19,8,20,1,0.05313696013289037,0.046559898255813956,0.05941196013289035,0.03222792736522231,0.027844851021419485,0.03623419747778096
transformer,19,8,20,3,0.05310647840531562,0.04685395348837209,0.06012399086378738,0.03220428446409074,0.02792694198494669,0.03672261506772168
transformer,19,8,20,10,0.05312906976744187,0.04669527823920266,0.060256922757475066,0.03221910042909488,0.028052021019926637,0.0368299955586968
transformer,25,2,5,1,0.2640827242524917,0.25520237541528235,0.27349558347176084,0.19636630556999535,0.18977182813863688,0.20332086673517338
transformer,25,2,5,3,0.2640205980066445,0.2548633596345515,0.27351478197674417,0.19621955184299167,0.1891879855406261,0.20312818277316028
transformer,25,2,5,10,0.2638701827242525,0.2549279235880399,0.2733159489202657,0.19603958057907256,0.18936256469106869,0.20320560904006935
transformer,25,2,10,1,0.26416727574750826,0.25482916735880395,0.2738775955149501,0.1962370707329298,0.1892854408643934,0.20366650518219617
transformer,25,2,10,3,0.26409883720930233,0.2551268604651163,0.2736168563122923,0.19615594893616406,0.18943746220996585,0.20322965671774723
transformer,25,2,10,10,0.2637490033222591,0.25458598837209295,0.2735273297342192,0.19583633143405207,0.18901627925800396,0.20277831972188248
transformer,25,2,20,1,0.26328388704318934,0.2543458720930233,0.2728086586378738,0.19550323777249434,0.18895106459067057,0.2026691095072804
transformer,25,2,20,3,0.2635313953488372,0.25467208056478413,0.2736448941029901,0.19576578804680644,0.18921657980960666,0.20309174451080553
transformer,25,2,20,10,0.2637265780730897,0.25490636004983386,0.2729207973421927,0.1959200724650443,0.18921470087032616,0.20279114684095867
