architecture,fault_id,channel,block_length,draws,mean_delta_auroc,median_delta_auroc,min_delta_auroc,mean_delta_auprc,positive_auroc_seeds,max_abs_pre_fpr_shift,run_delta_auroc_mean,run_delta_auroc_ci_low,run_delta_auroc_ci_high,run_delta_auprc_mean,run_delta_auprc_ci_low,run_delta_auprc_ci_high,direction_positive,material_effect,seed_stable,fpr_guardrail_pass,ci_positive,setting_pass
tcn,4,10.0,5.0,1,0.1653395390365448,0.18552294435215944,0.09852163621262455,0.12116928460473972,5,0.0005000000000000004,0.1653843023255814,0.12376834094684386,0.20641142441860463,0.12008849268255041,0.08671436834690138,0.1522660311404147,True,True,True,True,True,True
tcn,4,10.0,5.0,3,0.16532556478405314,0.1854988995016611,0.09852097176079733,0.12118386137737609,5,0.0002500000000000002,0.16534360465116277,0.12359374169435214,0.20553238372093027,0.12005266372855311,0.08664584892288255,0.15162299252255154,True,True,True,True,True,True
tcn,4,10.0,5.0,10,0.16530593438538205,0.18546102574750822,0.09851187707641196,0.12118541876049242,5,0.0002500000000000002,0.16532059800664456,0.12128601744186046,0.20567820598006645,0.12006396328209056,0.08522933593212342,0.1522933684823276,True,True,True,True,True,True
tcn,4,10.0,10.0,1,0.16527479651162788,0.18543685631229234,0.09846868770764117,0.12116652559485275,5,0.0007499999999999989,0.16531627906976745,0.12382066029900335,0.20602062707641194,0.12006527746662381,0.08677560800130758,0.152381273669769,True,True,True,True,True,True
tcn,4,10.0,10.0,3,0.165269634551495,0.18540917774086374,0.09851162790697676,0.1211838215373102,5,0.0005000000000000004,0.16527059800664454,0.12411661544850498,0.20439235465116276,0.12003463787395076,0.08705952313598857,0.15137001039900994,True,True,True,True,True,True
tcn,4,10.0,10.0,10,0.16530564368770764,0.18547925664451825,0.09851042358803985,0.12119782493885178,5,0.0002500000000000002,0.16532666112956812,0.12304289867109636,0.20564815199335548,0.12008771885501698,0.08543370886579053,0.15221361020846466,True,True,True,True,True,True
tcn,4,10.0,20.0,1,0.16531366279069765,0.1854892441860465,0.09852352574750822,0.12112385505119685,5,0.0005000000000000004,0.1653453488372093,0.12387598837209303,0.20561504568106306,0.12002126095240971,0.08685734866449292,0.15185547114395603,True,True,True,True,True,True
tcn,4,10.0,20.0,3,0.165284842192691,0.1855089078073089,0.09848428156146172,0.12114509119914889,5,0.0002500000000000002,0.1653142857142857,0.12443243770764119,0.20512339285714287,0.12002889006346942,0.08708512127203055,0.15163386366965603,True,True,True,True,True,True
tcn,4,10.0,20.0,10,0.1652718313953488,0.18547720099667775,0.09849981312292355,0.12116400861506176,5,0.0002500000000000002,0.1652898671096346,0.12384443521594683,0.20660440614617942,0.12004739676210356,0.08642338098273723,0.15223931172977045,True,True,True,True,True,True
tcn,19,7.0,5.0,1,0.1357613205980066,0.13634308554817265,0.13001318521594685,0.09261572387943735,5,0.0009999999999999992,0.13573496677740865,0.12745224460132892,0.144441665282392,0.09407573536766665,0.08704028807945928,0.10100179838495224,True,True,True,True,True,True
tcn,19,7.0,5.0,3,0.1356799584717608,0.13631264534883714,0.12987915282392026,0.09254578498519121,5,0.0009999999999999992,0.13563803986710965,0.12718786129568108,0.14394697259136208,0.09400085031537934,0.08714231600372052,0.10099913848663321,True,True,True,True,True,True
tcn,19,7.0,5.0,10,0.13563241694352157,0.13623928571428567,0.1298183554817276,0.092525203154216,5,0.0009999999999999992,0.13559684385382062,0.12730269933554822,0.14410002906976746,0.09397140596631628,0.08723780439956011,0.10065859342152768,True,True,True,True,True,True
tcn,19,7.0,10.0,1,0.13578748338870425,0.13640851328903647,0.12991088039867105,0.09260114102245584,5,0.0005000000000000004,0.13578812292358805,0.12680661752491693,0.14398352990033222,0.09401864145962201,0.0869874005438396,0.1008078780770103,True,True,True,True,True,True
tcn,19,7.0,10.0,3,0.1355004360465116,0.13612911129568106,0.12970282392026578,0.09244334763920062,5,0.0007500000000000007,0.13549136212624588,0.1273587832225914,0.14391664867109635,0.09388861156121886,0.0869946853829901,0.10073726983888186,True,True,True,True,True,True
tcn,19,7.0,10.0,10,0.1355474916943521,0.1361780315614617,0.12972254983388698,0.0924846471800644,5,0.0007499999999999989,0.13553504983388706,0.1270975166112957,0.14365561461794019,0.09394847335451956,0.08716832088609848,0.10077823652031917,True,True,True,True,True,True
tcn,19,7.0,20.0,1,0.13541180647840528,0.1360359426910298,0.12952477159468434,0.09242439506633862,5,0.0014999999999999996,0.13540830564784054,0.12689223837209304,0.14397631229235883,0.09389685330860437,0.08729772563317842,0.10076543142444888,True,True,True,True,True,True
tcn,19,7.0,20.0,3,0.13546986295681063,0.13611079734219267,0.1296386627906977,0.09248911838907656,5,0.0007500000000000007,0.13545830564784056,0.1270970058139535,0.14383139950166113,0.0939421517855914,0.08714417251774065,0.1006756292087246,True,True,True,True,True,True
tcn,19,7.0,20.0,10,0.13560259551495013,0.1362453488372093,0.12977344269102986,0.09252148777609288,5,0.0007500000000000007,0.13558754152823918,0.12731005398671097,0.14395615448504986,0.09397217072123504,0.08731372858519135,0.10086891999740868,True,True,True,True,True,True
tcn,19,8.0,5.0,1,0.05542648671096342,0.056300228405315456,0.0503915905315615,0.03347079485689717,5,0.0002500000000000002,0.05543504983388704,0.05060181478405316,0.060413077242524905,0.0337395175689424,0.030622336446644024,0.03694868125158193,True,True,True,True,True,True
tcn,19,8.0,5.0,3,0.055469165282391986,0.05632319352159454,0.05039264950166111,0.03349379310787655,5,0.0002500000000000002,0.05550083056478407,0.05055364202657806,0.06049085963455152,0.03377588749001605,0.030631941294628626,0.0369572280009874,True,True,True,True,True,True
tcn,19,8.0,5.0,10,0.05550760382059796,0.05633930647840513,0.05043554817275753,0.03351738826406123,5,0.0002500000000000002,0.05556370431893688,0.050865004152823926,0.06046763704318937,0.033813062945199174,0.030727477716649913,0.0370086619895898,True,True,True,True,True,True
tcn,19,8.0,10.0,1,0.055481715116279015,0.05637159468438524,0.05037475083056475,0.033511821041463975,5,0.0002499999999999985,0.05552159468438539,0.0503772134551495,0.060412325581395365,0.03380444403016194,0.03051526779649163,0.036998120851741395,True,True,True,True,True,True
tcn,19,8.0,10.0,3,0.05551132475083052,0.05635078903654467,0.05042126245847178,0.03351662200198522,5,0.0002500000000000002,0.05555797342192692,0.050631677740863815,0.060733401162790704,0.03381338505908533,0.03061515428485054,0.03714506450062659,True,True,True,True,True,True
tcn,19,8.0,10.0,10,0.05552406561461789,0.056373920265780586,0.05044676079734223,0.03352722031364443,5,0.0002500000000000002,0.055584136212624584,0.05066684177740864,0.0603895058139535,0.03382728746530558,0.030642405029325206,0.03685826505857057,True,True,True,True,True,True
tcn,19,8.0,20.0,1,0.055540473421926875,0.056354630398670946,0.050456270764119626,0.033546500185942296,5,0.0004999999999999987,0.05555431893687708,0.05063396594684386,0.06028127076411959,0.03382112504781136,0.03061726474159037,0.0369220014448298,True,True,True,True,True,True
tcn,19,8.0,20.0,3,0.05548960132890361,0.05634746677740854,0.050393002491694316,0.03351258074923298,5,0.0005000000000000004,0.055536212624584726,0.0505497965116279,0.060455041528239224,0.03380737072693527,0.030534319184444242,0.03687925202657558,True,True,True,True,True,True
tcn,19,8.0,20.0,10,0.05551427325581393,0.056366632059800525,0.05042321428571428,0.03352530921588683,5,0.0002499999999999985,0.055568106312292365,0.050589717607973435,0.06035767857142857,0.033822262455225675,0.030544774238277263,0.03699151557463509,True,True,True,True,True,True
tcn,25,2.0,5.0,1,0.2901704817275748,0.29092458471760796,0.2864618770764119,0.23621966738283406,5,0.0012500000000000002,0.29010373754152824,0.2851825975913621,0.2946980274086379,0.23474543358646277,0.23082638083586562,0.23867971416609918,True,True,True,True,True,True
tcn,25,2.0,5.0,3,0.2899624294019934,0.29059653239202665,0.2863108181063123,0.23588731645077435,5,0.0007500000000000007,0.289825830564784,0.2848522072259137,0.29486345722591367,0.2343827415210378,0.23039300784793426,0.2383078457287663,True,True,True,True,True,True
tcn,25,2.0,5.0,10,0.28983292774086383,0.2903566029900333,0.2861654485049834,0.23576724769197535,5,0.0007500000000000007,0.28964476744186046,0.2848745867940199,0.2944379526578073,0.23418845576622171,0.23026022646320388,0.23829960505894343,True,True,True,True,True,True
tcn,25,2.0,10.0,1,0.2900523338870432,0.29058527823920266,0.2864564161129568,0.23615234021594614,5,0.0005000000000000004,0.29000822259136216,0.28541857558139533,0.29486119601328903,0.2347279361669781,0.23093101374389907,0.23883475205770097,True,True,True,True,True,True
tcn,25,2.0,10.0,3,0.2897921054817276,0.29029345930232564,0.28620627076411953,0.2358547835870451,5,0.001,0.2897053986710964,0.2846188870431894,0.2948637894518272,0.23433150664035687,0.23042174835915355,0.23868827289205857,True,True,True,True,True,True
tcn,25,2.0,10.0,10,0.28991688538205984,0.2903887458471761,0.28630899086378736,0.23586001072666213,5,0.0005000000000000004,0.2897885382059801,0.2850163621262458,0.29473736088039865,0.23426443033814315,0.23041775148191687,0.23823814480987976,True,True,True,True,True,True
tcn,25,2.0,20.0,1,0.2899322674418605,0.2904264327242525,0.2862813330564784,0.23562077546209226,5,0.0007499999999999998,0.28980764119601327,0.2849381229235881,0.2944685797342193,0.2340084731234014,0.23014960747304775,0.2376686221693856,True,True,True,True,True,True
tcn,25,2.0,20.0,3,0.2899378363787376,0.29044943936877077,0.28631399501661126,0.2358046337981372,5,0.0005000000000000004,0.2898229235880399,0.2845695992524917,0.2947868417774086,0.23427681930274094,0.23014244847042833,0.2382358855010121,True,True,True,True,True,True
tcn,25,2.0,20.0,10,0.29000819352159474,0.2905303986710963,0.2864232765780731,0.23592399302634243,5,0.0,0.2898621262458472,0.28498275955149505,0.2948726287375415,0.23434220812627074,0.2303552153059522,0.2385972355796429,True,True,True,True,True,True
transformer,4,10.0,5.0,1,0.10555681478405314,0.1022939161129568,0.07685220099667767,0.08821228448961786,5,0.0005000000000000004,0.10544169435215947,0.0908215946843854,0.11976395556478407,0.08704481939100146,0.07677074097980988,0.0968186722183225,True,True,True,True,True,True
transformer,4,10.0,5.0,3,0.10553016196013287,0.10227850913621261,0.07680120431893678,0.08819256877415153,5,0.0007499999999999989,0.10541179401993356,0.09039737541528241,0.11996729651162791,0.08700241101841553,0.07616259168218147,0.09688929609438633,True,True,True,True,True,True
transformer,4,10.0,5.0,10,0.10551333887043188,0.10227724252491688,0.07680139119601326,0.08817541036079615,5,0.0007499999999999989,0.10538978405315615,0.09048488787375418,0.1200153696013289,0.08700045266226639,0.07611966043609432,0.09717437809442112,True,True,True,True,True,True
transformer,4,10.0,10.0,1,0.10550531146179401,0.10225890780730895,0.07679838039867104,0.08815322726759686,5,0.0005000000000000004,0.10542591362126247,0.09030318936877074,0.11963978820598008,0.08699591147485214,0.0760614157048705,0.09654567385309523,True,True,True,True,True,True
transformer,4,10.0,10.0,3,0.1055111088039867,0.102259530730897,0.07681272840531561,0.08816498386245271,5,0.0007499999999999989,0.10540705980066446,0.09015068106312292,0.11950184593023254,0.08700600022952473,0.07609163067111532,0.0967103746789556,True,True,True,True,True,True
transformer,4,10.0,10.0,10,0.10551522009966774,0.1022584302325581,0.07680508720930224,0.0881742721710947,5,0.0007499999999999989,0.10540730897009967,0.09064517026578074,0.11971601328903654,0.08700106101732924,0.07636156200341626,0.09678702661801128,True,True,True,True,True,True
transformer,4,10.0,20.0,1,0.10549724252491695,0.10223145764119601,0.07677570598006644,0.08814786295626324,5,0.0005000000000000004,0.10538538205980068,0.09040260797342195,0.1196497176079734,0.0870107265446336,0.07628275299240338,0.09627662982020845,True,True,True,True,True,True
transformer,4,10.0,20.0,3,0.10550240863787375,0.10223521594684382,0.07677971345514945,0.08816553069045707,5,0.0007499999999999989,0.10540332225913622,0.09047094269102987,0.11969689368770764,0.08701573726919756,0.07637575463433938,0.09682995090476443,True,True,True,True,True,True
transformer,4,10.0,20.0,10,0.1054996303986711,0.10223687707641194,0.07678093853820589,0.08816462183569736,5,0.0007499999999999989,0.10538945182724253,0.09065325789036545,0.1196035880398671,0.08698496328850559,0.07650456113517384,0.09670548040576789,True,True,True,True,True,True
transformer,19,7.0,5.0,1,0.12370522840531566,0.12742481312292364,0.11576598837209306,0.08529526228122312,5,0.0005000000000000004,0.12351337209302328,0.113462396179402,0.13344290282392024,0.08662434100643743,0.07874187654039314,0.0943825639471674,True,True,True,True,True,True
transformer,19,7.0,5.0,3,0.12366151993355487,0.12737772009966786,0.11575851328903652,0.08523142917600554,5,0.0005000000000000004,0.12347151162790697,0.11387369601328903,0.1332378696013289,0.08657083241398646,0.07900481939500978,0.09387778386473088,True,True,True,True,True,True
transformer,19,7.0,5.0,10,0.12366980066445188,0.1273971137873755,0.11573164451827245,0.08524733724033351,5,0.0005000000000000004,0.1234661129568106,0.11319372093023256,0.13344063953488372,0.0865720518136146,0.0782538804683296,0.09430447439086415,True,True,True,True,True,True
transformer,19,7.0,10.0,1,0.12387929817275752,0.1274874584717609,0.11602171926910299,0.08537394200208315,5,0.0007500000000000007,0.1237137873754153,0.11329319767441859,0.1338418895348837,0.08671565728603259,0.07843454129260755,0.09467808766724016,True,True,True,True,True,True
transformer,19,7.0,10.0,3,0.12361339285714293,0.12733286960132895,0.11570940614617942,0.0852106667066272,5,0.0004999999999999987,0.1234136212624585,0.11315283637873755,0.133331353820598,0.08652591433151892,0.0784841976382852,0.09409999240695366,True,True,True,True,True,True
transformer,19,7.0,10.0,10,0.12364593853820602,0.1273781976744186,0.11573046096345518,0.08524077763218516,5,0.0005000000000000004,0.12345332225913622,0.11357623546511626,0.13385085132890367,0.086561431787605,0.07870435631668417,0.09479307368388029,True,True,True,True,True,True
transformer,19,7.0,20.0,1,0.12355832225913625,0.12729198504983397,0.11558457225913621,0.0851951522527848,5,0.0007499999999999989,0.12337134551495016,0.11365764534883722,0.1333787022425249,0.0865339234013613,0.0790327604250587,0.09411716673297398,True,True,True,True,True,True
transformer,19,7.0,20.0,3,0.12365633720930236,0.12729719684385388,0.11569765365448503,0.08527423326104129,5,0.0007500000000000007,0.12348787375415282,0.11330220930232557,0.13311673588039868,0.0866250589331708,0.07832527952876317,0.09387513946495057,True,True,True,True,True,True
transformer,19,7.0,20.0,10,0.12372727574750837,0.1274257475083057,0.11577616279069769,0.08531289732589083,5,0.0007500000000000007,0.12354385382059802,0.11395173172757475,0.1333137666112957,0.08663550997136796,0.0788791780815688,0.09409238903727667,True,True,True,True,True,True
transformer,19,8.0,5.0,1,0.05307026993355488,0.05083394933554819,0.04608870431893697,0.03199956655408613,5,0.0007499999999999989,0.053104235880398656,0.04645617524916944,0.05950794642857145,0.032205809892171894,0.02775022363439865,0.036406789203130896,True,True,True,True,True,True
transformer,19,8.0,5.0,3,0.05304295265780734,0.05081848006644518,0.04595732973421929,0.03197667172081666,5,0.0004999999999999987,0.05307117940199335,0.04687146802325582,0.059731108803986716,0.032179992984762394,0.02801007018711402,0.03658134225271525,True,True,True,True,True,True
transformer,19,8.0,5.0,10,0.0530764867109635,0.050898338870431936,0.04598274501661137,0.031995123282435145,5,0.0005000000000000004,0.05311677740863788,0.04670393272425252,0.06008988372093022,0.032209711365801856,0.027900482565840063,0.03656702250194864,True,True,True,True,True,True
transformer,19,8.0,10.0,1,0.053100373754152844,0.05088247508305643,0.04607873754152825,0.03201846449783228,5,0.0005000000000000004,0.053138039867109646,0.046958999169435224,0.06009174418604654,0.032228603435682145,0.028097826246956593,0.03664734090721344,True,True,True,True,True,True
transformer,19,8.0,10.0,3,0.053074302325581434,0.05087936046511632,0.04599900332225915,0.03200026886177858,5,0.0005000000000000004,0.05309584717607973,0.046575963455149506,0.06012645348837211,0.03220189697669401,0.027869767846646368,0.036593309001161284,True,True,True,True,True,True
transformer,19,8.0,10.0,10,0.053079879568106336,0.050921968438538245,0.045971470099667844,0.03199996365609934,5,0.0005000000000000004,0.05311154485049834,0.04666846968438537,0.06012686877076413,0.03221216194246465,0.027912687550645795,0.03677803027267082,True,True,True,True,True,True
transformer,19,8.0,20.0,1,0.053091316445182765,0.05098143687707646,0.045958824750830574,0.03201061942874413,5,0.0007500000000000007,0.05313696013289037,0.046559898255813956,0.05941196013289035,0.03222792736522231,0.027844851021419485,0.03623419747778096,True,True,True,True,True,True
transformer,19,8.0,20.0,3,0.05305553571428576,0.05089084302325586,0.045966341362126295,0.031983406379951895,5,0.0004999999999999987,0.05310647840531562,0.04685395348837209,0.06012399086378738,0.03220428446409074,0.02792694198494669,0.03672261506772168,True,True,True,True,True,True
transformer,19,8.0,20.0,10,0.05307585548172762,0.050924418604651134,0.045965469269103054,0.03200090110473284,5,0.0005000000000000004,0.05312906976744187,0.04669527823920266,0.060256922757475066,0.03221910042909488,0.028052021019926637,0.0368299955586968,True,True,True,True,True,True
transformer,25,2.0,5.0,1,0.26424756229235885,0.25832545681063124,0.25412695182724254,0.19671414710291574,5,0.0012500000000000011,0.2640827242524917,0.25520237541528235,0.27349558347176084,0.19636630556999535,0.18977182813863688,0.20332086673517338,True,True,True,True,True,True
transformer,25,2.0,5.0,3,0.26421279069767445,0.25822435631229235,0.2540904069767441,0.19658546798583618,5,0.0012499999999999994,0.2640205980066445,0.2548633596345515,0.27351478197674417,0.19621955184299167,0.1891879855406261,0.20312818277316028,True,True,True,True,True,True
transformer,25,2.0,5.0,10,0.2640519518272425,0.25804323089701,0.25392749169435214,0.1964097917757442,5,0.0012499999999999994,0.2638701827242525,0.2549279235880399,0.2733159489202657,0.19603958057907256,0.18936256469106869,0.20320560904006935,True,True,True,True,True,True
transformer,25,2.0,10.0,1,0.2644222466777409,0.25823891196013304,0.25433048172757466,0.1967287539863845,5,0.0012500000000000011,0.26416727574750826,0.25482916735880395,0.2738775955149501,0.1962370707329298,0.1892854408643934,0.20366650518219617,True,True,True,True,True,True
transformer,25,2.0,10.0,3,0.2643196719269103,0.25824561877076413,0.25416636212624577,0.19660350336937715,5,0.0009999999999999992,0.26409883720930233,0.2551268604651163,0.2736168563122923,0.19615594893616406,0.18943746220996585,0.20322965671774723,True,True,True,True,True,True
transformer,25,2.0,10.0,10,0.2639464534883721,0.25788731312292357,0.25376638289036546,0.19621200896955424,5,0.0007500000000000007,0.2637490033222591,0.25458598837209295,0.2735273297342192,0.19583633143405207,0.18901627925800396,0.20277831972188248,True,True,True,True,True,True
transformer,25,2.0,20.0,1,0.26343205149501664,0.2574900124584718,0.25318862126245845,0.19577593715064404,5,0.0002500000000000002,0.26328388704318934,0.2543458720930233,0.2728086586378738,0.19550323777249434,0.18895106459067057,0.2026691095072804,True,True,True,True,True,True
transformer,25,2.0,20.0,3,0.26367607558139533,0.2577370224252492,0.25338612956810624,0.19613822798311048,5,0.0012500000000000011,0.2635313953488372,0.25467208056478413,0.2736448941029901,0.19576578804680644,0.18921657980960666,0.20309174451080553,True,True,True,True,True,True
transformer,25,2.0,20.0,10,0.26390687292358805,0.25791492940199334,0.25372724252491696,0.1962987627091262,5,0.0014999999999999996,0.2637265780730897,0.25490636004983386,0.2729207973421927,0.1959200724650443,0.18921470087032616,0.20279114684095867,True,True,True,True,True,True
