architecture,seed,condition,mode,channel,fault_id,runs,threshold,auroc,auprc,pre_fpr,detected_ratio,censored_delay_mean,task_id,block_length,draws,original_auroc,original_auprc,original_pre_fpr,delta_auroc,delta_auprc,delta_pre_fpr
tcn,42,loo_sample_XMV_10_B05_D01,loo_sample,10.0,4,20,0.8591775894165039,0.5154536544850499,0.622772793070441,0.0105,1.0,2.0,tcn|S42|F4|XMV10|B05|D01,5.0,1,0.7220312707641195,0.7729951495543043,0.01025,0.20657761627906968,0.15022235648386328,0.0002500000000000002
tcn,42,loo_sample_XMV_10_B05_D03,loo_sample,10.0,4,20,0.8591564297676086,0.5154859842192691,0.6227746174847049,0.01025,1.0,2.0,tcn|S42|F4|XMV10|B05|D03,5.0,3,0.7220312707641195,0.7729951495543043,0.01025,0.2065452865448505,0.1502205320695994,0.0
tcn,42,loo_sample_XMV_10_B05_D10,loo_sample,10.0,4,20,0.8591525554656982,0.5155512043189369,0.6227782173866429,0.01025,1.0,2.0,tcn|S42|F4|XMV10|B05|D10,5.0,10,0.7220312707641195,0.7729951495543043,0.01025,0.2064800664451827,0.1502169321676614,0.0
tcn,42,loo_sample_XMV_10_B10_D01,loo_sample,10.0,4,20,0.8593230843544006,0.515589534883721,0.6228408740969448,0.01,1.0,2.0,tcn|S42|F4|XMV10|B10|D01,10.0,1,0.7220312707641195,0.7729951495543043,0.01025,0.2064417358803986,0.1501542754573595,-0.0002500000000000002
tcn,42,loo_sample_XMV_10_B10_D03,loo_sample,10.0,4,20,0.8592998385429382,0.5155979028239203,0.6228021586313034,0.01025,1.0,2.0,tcn|S42|F4|XMV10|B10|D03,10.0,3,0.7220312707641195,0.7729951495543043,0.01025,0.20643336794019929,0.15019299092300087,0.0
tcn,42,loo_sample_XMV_10_B10_D10,loo_sample,10.0,4,20,0.859457790851593,0.5155478405315614,0.6227808209534871,0.01,1.0,2.0,tcn|S42|F4|XMV10|B10|D10,10.0,10,0.7220312707641195,0.7729951495543043,0.01025,0.2064834302325581,0.15021432860081718,-0.0002500000000000002
tcn,42,loo_sample_XMV_10_B20_D01,loo_sample,10.0,4,20,0.8589321374893188,0.5155780315614618,0.6228952804781279,0.01025,1.0,2.0,tcn|S42|F4|XMV10|B20|D01,20.0,1,0.7220312707641195,0.7729951495543043,0.01025,0.2064532392026578,0.15009986907617634,0.0
tcn,42,loo_sample_XMV_10_B20_D03,loo_sample,10.0,4,20,0.8592524528503418,0.5155794850498339,0.6228463713302342,0.01025,1.0,2.0,tcn|S42|F4|XMV10|B20|D03,20.0,3,0.7220312707641195,0.7729951495543043,0.01025,0.20645178571428568,0.15014877822407002,0.0
tcn,42,loo_sample_XMV_10_B20_D10,loo_sample,10.0,4,20,0.8592488765716553,0.5155962209302326,0.6228256169296614,0.01025,1.0,2.0,tcn|S42|F4|XMV10|B20|D10,20.0,10,0.7220312707641195,0.7729951495543043,0.01025,0.20643504983388694,0.15016953262464283,0.0
tcn,42,loo_sample_XMV_07_B05_D01,loo_sample,7.0,19,20,0.8597865104675293,0.7856125207641196,0.8667692146393126,0.0115,1.0,60.0,tcn|S42|F19|XMV07|B05|D01,5.0,1,0.9156257059800664,0.952458750830989,0.01075,0.13001318521594685,0.08568953619167641,0.0007500000000000007
tcn,42,loo_sample_XMV_07_B05_D03,loo_sample,7.0,19,20,0.8601165413856506,0.7857465531561462,0.8668717613281156,0.011,1.0,60.05,tcn|S42|F19|XMV07|B05|D03,5.0,3,0.9156257059800664,0.952458750830989,0.01075,0.12987915282392026,0.08558698950287336,0.0002500000000000002
tcn,42,loo_sample_XMV_07_B05_D10,loo_sample,7.0,19,20,0.8597145080566406,0.7858073504983388,0.866891358287431,0.011,1.0,60.05,tcn|S42|F19|XMV07|B05|D10,5.0,10,0.9156257059800664,0.952458750830989,0.01075,0.1298183554817276,0.08556739254355794,0.0002500000000000002
tcn,42,loo_sample_XMV_07_B10_D01,loo_sample,7.0,19,20,0.8598949909210205,0.7857148255813954,0.866840597660189,0.01025,1.0,60.05,tcn|S42|F19|XMV07|B10|D01,10.0,1,0.9156257059800664,0.952458750830989,0.01075,0.12991088039867105,0.08561815317080002,-0.0004999999999999987
tcn,42,loo_sample_XMV_07_B10_D03,loo_sample,7.0,19,20,0.8596097826957703,0.7859228820598007,0.8669642686203162,0.01025,1.0,60.05,tcn|S42|F19|XMV07|B10|D03,10.0,3,0.9156257059800664,0.952458750830989,0.01075,0.12970282392026578,0.0854944822106728,-0.0004999999999999987
tcn,42,loo_sample_XMV_07_B10_D10,loo_sample,7.0,19,20,0.8599127531051636,0.7859031561461794,0.8669361008976683,0.01075,1.0,60.05,tcn|S42|F19|XMV07|B10|D10,10.0,10,0.9156257059800664,0.952458750830989,0.01075,0.12972254983388698,0.0855226499333207,0.0
tcn,42,loo_sample_XMV_07_B20_D01,loo_sample,7.0,19,20,0.8602335453033447,0.7861009343853821,0.86704017235998,0.00925,1.0,60.05,tcn|S42|F19|XMV07|B20|D01,20.0,1,0.9156257059800664,0.952458750830989,0.01075,0.12952477159468434,0.08541857847100898,-0.0014999999999999996
tcn,42,loo_sample_XMV_07_B20_D03,loo_sample,7.0,19,20,0.8603231906890869,0.7859870431893687,0.8669497063866046,0.01025,1.0,60.05,tcn|S42|F19|XMV07|B20|D03,20.0,3,0.9156257059800664,0.952458750830989,0.01075,0.1296386627906977,0.08550904444438434,-0.0004999999999999987
tcn,42,loo_sample_XMV_07_B20_D10,loo_sample,7.0,19,20,0.8599380850791931,0.7858522632890366,0.8669012619235158,0.01025,1.0,60.05,tcn|S42|F19|XMV07|B20|D10,20.0,10,0.9156257059800664,0.952458750830989,0.01075,0.12977344269102986,0.08555748890747317,-0.0004999999999999987
tcn,42,loo_sample_XMV_08_B05_D01,loo_sample,8.0,19,20,0.8587446808815002,0.8555723421926911,0.9165828218867488,0.0105,1.0,35.2,tcn|S42|F19|XMV08|B05|D01,5.0,1,0.9156257059800664,0.952458750830989,0.01075,0.06005336378737536,0.03587592894424019,-0.0002499999999999985
tcn,42,loo_sample_XMV_08_B05_D03,loo_sample,8.0,19,20,0.8590449690818787,0.8555156976744186,0.916546607299684,0.0105,1.0,35.2,tcn|S42|F19|XMV08|B05|D03,5.0,3,0.9156257059800664,0.952458750830989,0.01075,0.06011000830564783,0.03591214353130501,-0.0002499999999999985
tcn,42,loo_sample_XMV_08_B05_D10,loo_sample,8.0,19,20,0.8586921691894531,0.8554551910299003,0.9165161860300044,0.01075,1.0,35.2,tcn|S42|F19|XMV08|B05|D10,5.0,10,0.9156257059800664,0.952458750830989,0.01075,0.06017051495016612,0.03594256480098457,0.0
tcn,42,loo_sample_XMV_08_B10_D01,loo_sample,8.0,19,20,0.8589270114898682,0.8555463455149501,0.9165637532701316,0.01075,1.0,35.2,tcn|S42|F19|XMV08|B10|D01,10.0,1,0.9156257059800664,0.952458750830989,0.01075,0.060079360465116305,0.035894997560857345,0.0
tcn,42,loo_sample_XMV_08_B10_D03,loo_sample,8.0,19,20,0.8587706685066223,0.855460049833887,0.916524963329287,0.01075,1.0,35.2,tcn|S42|F19|XMV08|B10|D03,10.0,3,0.9156257059800664,0.952458750830989,0.01075,0.060165656146179414,0.03593378750170195,0.0
tcn,42,loo_sample_XMV_08_B10_D10,loo_sample,8.0,19,20,0.8585481643676758,0.8554561046511628,0.9165177706435786,0.011,1.0,35.2,tcn|S42|F19|XMV08|B10|D10,10.0,10,0.9156257059800664,0.952458750830989,0.01075,0.06016960132890359,0.03594098018741032,0.0002500000000000002
tcn,42,loo_sample_XMV_08_B20_D01,loo_sample,8.0,19,20,0.8592692613601685,0.8554183762458472,0.9164881956655812,0.0105,1.0,35.2,tcn|S42|F19|XMV08|B20|D01,20.0,1,0.9156257059800664,0.952458750830989,0.01075,0.06020732973421927,0.035970555165407814,-0.0002499999999999985
tcn,42,loo_sample_XMV_08_B20_D03,loo_sample,8.0,19,20,0.8585105538368225,0.8554875415282392,0.9165243556527224,0.01125,1.0,35.2,tcn|S42|F19|XMV08|B20|D03,20.0,3,0.9156257059800664,0.952458750830989,0.01075,0.06013816445182718,0.035934395178266576,0.0005000000000000004
tcn,42,loo_sample_XMV_08_B20_D10,loo_sample,8.0,19,20,0.8587999939918518,0.855459738372093,0.9165162489885638,0.01075,1.0,35.2,tcn|S42|F19|XMV08|B20|D10,20.0,10,0.9156257059800664,0.952458750830989,0.01075,0.060165967607973436,0.0359425018424252,0.0
tcn,42,loo_sample_XMV_02_B05_D01,loo_sample,2.0,25,20,0.8599657416343689,0.6194786544850498,0.7152270894029935,0.0075,0.1,285.9,tcn|S42|F25|XMV02|B05|D01,5.0,1,0.9105737749169436,0.9516085706303726,0.00725,0.2910951204318938,0.23638148122737912,0.00024999999999999935
tcn,42,loo_sample_XMV_02_B05_D03,loo_sample,2.0,25,20,0.860582709312439,0.6196717815614617,0.7155978987959551,0.0065,0.1,285.9,tcn|S42|F25|XMV02|B05|D03,5.0,3,0.9105737749169436,0.9516085706303726,0.00725,0.29090199335548184,0.23601067183441748,-0.0007500000000000007
tcn,42,loo_sample_XMV_02_B05_D10,loo_sample,2.0,25,20,0.8608983159065247,0.6196818106312293,0.71564472612619,0.0065,0.1,285.9,tcn|S42|F25|XMV02|B05|D10,5.0,10,0.9105737749169436,0.9516085706303726,0.00725,0.2908919642857143,0.23596384450418262,-0.0007500000000000007
tcn,42,loo_sample_XMV_02_B10_D01,loo_sample,2.0,25,20,0.8610104322433472,0.6193880398671097,0.7152188094958558,0.00675,0.1,285.9,tcn|S42|F25|XMV02|B10|D01,10.0,1,0.9105737749169436,0.9516085706303726,0.00725,0.2911857350498339,0.23638976113451682,-0.0005000000000000004
tcn,42,loo_sample_XMV_02_B10_D03,loo_sample,2.0,25,20,0.8610429167747498,0.6197155938538206,0.7155639600277622,0.00625,0.1,285.9,tcn|S42|F25|XMV02|B10|D03,10.0,3,0.9105737749169436,0.9516085706303726,0.00725,0.290858181063123,0.2360446106026104,-0.001
tcn,42,loo_sample_XMV_02_B10_D10,loo_sample,2.0,25,20,0.8609433770179749,0.6195781353820597,0.7155315029194879,0.00675,0.1,285.9,tcn|S42|F25|XMV02|B10|D10,10.0,10,0.9105737749169436,0.9516085706303726,0.00725,0.29099563953488383,0.23607706771088477,-0.0005000000000000004
tcn,42,loo_sample_XMV_02_B20_D01,loo_sample,2.0,25,20,0.8619644641876221,0.6194357973421927,0.715689591600359,0.007,0.1,285.9,tcn|S42|F25|XMV02|B20|D01,20.0,1,0.9105737749169436,0.9516085706303726,0.00725,0.2911379775747509,0.23591897903001358,-0.0002500000000000002
tcn,42,loo_sample_XMV_02_B20_D03,loo_sample,2.0,25,20,0.8608735799789429,0.6195057931893688,0.7155774816206301,0.0075,0.1,285.9,tcn|S42|F25|XMV02|B20|D03,20.0,3,0.9105737749169436,0.9516085706303726,0.00725,0.29106798172757475,0.23603108900974257,0.00024999999999999935
tcn,42,loo_sample_XMV_02_B20_D10,loo_sample,2.0,25,20,0.8606711626052856,0.6195042566445182,0.7154890627707673,0.00725,0.1,285.9,tcn|S42|F25|XMV02|B20|D10,20.0,10,0.9105737749169436,0.9516085706303726,0.00725,0.29106951827242533,0.23611950785960534,0.0
tcn,43,loo_sample_XMV_10_B05_D01,loo_sample,10.0,4,20,0.860252320766449,0.5135269102990033,0.620996582665801,0.01025,1.0,2.0,tcn|S43|F4|XMV10|B05|D01,5.0,1,0.6331309593023255,0.7050146185732974,0.00975,0.11960404900332222,0.08401803590749635,0.0005000000000000004
tcn,43,loo_sample_XMV_10_B05_D03,loo_sample,10.0,4,20,0.8605279326438904,0.5135544435215947,0.6209597065141613,0.01,1.0,2.0,tcn|S43|F4|XMV10|B05|D03,5.0,3,0.6331309593023255,0.7050146185732974,0.00975,0.11957651578073081,0.08405491205913607,0.0002500000000000002
tcn,43,loo_sample_XMV_10_B05_D10,loo_sample,10.0,4,20,0.8604081869125366,0.5135105689368771,0.6209047042776503,0.01,1.0,2.0,tcn|S43|F4|XMV10|B05|D10,5.0,10,0.6331309593023255,0.7050146185732974,0.00975,0.11962039036544847,0.08410991429564707,0.0002500000000000002
tcn,43,loo_sample_XMV_10_B10_D01,loo_sample,10.0,4,20,0.8603938817977905,0.5134492732558139,0.6208586590834229,0.01025,1.0,2.0,tcn|S43|F4|XMV10|B10|D01,10.0,1,0.6331309593023255,0.7050146185732974,0.00975,0.11968168604651164,0.08415595948987453,0.0005000000000000004
tcn,43,loo_sample_XMV_10_B10_D03,loo_sample,10.0,4,20,0.860349714756012,0.5134820805647841,0.620837295651406,0.01025,1.0,2.0,tcn|S43|F4|XMV10|B10|D03,10.0,3,0.6331309593023255,0.7050146185732974,0.00975,0.11964887873754149,0.0841773229218914,0.0005000000000000004
tcn,43,loo_sample_XMV_10_B10_D10,loo_sample,10.0,4,20,0.8604201674461365,0.5134943106312292,0.6208767499490218,0.01,1.0,2.0,tcn|S43|F4|XMV10|B10|D10,10.0,10,0.6331309593023255,0.7050146185732974,0.00975,0.11963664867109636,0.08413786862427564,0.0002500000000000002
tcn,43,loo_sample_XMV_10_B20_D01,loo_sample,10.0,4,20,0.8602980375289917,0.513488330564784,0.6209442300926674,0.01025,1.0,2.0,tcn|S43|F4|XMV10|B20|D01,20.0,1,0.6331309593023255,0.7050146185732974,0.00975,0.1196426287375415,0.08407038848062998,0.0005000000000000004
tcn,43,loo_sample_XMV_10_B20_D03,loo_sample,10.0,4,20,0.8604711890220642,0.5135314991694352,0.620949770588029,0.01,1.0,2.0,tcn|S43|F4|XMV10|B20|D03,20.0,3,0.6331309593023255,0.7050146185732974,0.00975,0.11959946013289036,0.08406484798526836,0.0002500000000000002
tcn,43,loo_sample_XMV_10_B20_D10,loo_sample,10.0,4,20,0.8605676889419556,0.5135777408637874,0.6209485340536872,0.01,1.0,2.0,tcn|S43|F4|XMV10|B20|D10,20.0,10,0.6331309593023255,0.7050146185732974,0.00975,0.11955321843853817,0.08406608451961017,0.0002500000000000002
tcn,43,loo_sample_XMV_07_B05_D01,loo_sample,7.0,19,20,0.8604176640510559,0.7716893480066446,0.853108516218472,0.0105,1.0,62.25,tcn|S43|F19|XMV07|B05|D01,5.0,1,0.9080324335548172,0.9468683792377708,0.01025,0.13634308554817265,0.09375986301929884,0.0002500000000000002
tcn,43,loo_sample_XMV_07_B05_D03,loo_sample,7.0,19,20,0.8604128956794739,0.7717197882059801,0.853144199302837,0.01025,1.0,62.25,tcn|S43|F19|XMV07|B05|D03,5.0,3,0.9080324335548172,0.9468683792377708,0.01025,0.13631264534883714,0.09372417993493376,0.0
tcn,43,loo_sample_XMV_07_B05_D10,loo_sample,7.0,19,20,0.8606698513031006,0.7717931478405315,0.8531679710789954,0.00975,1.0,62.25,tcn|S43|F19|XMV07|B05|D10,5.0,10,0.9080324335548172,0.9468683792377708,0.01025,0.13623928571428567,0.09370040815877534,-0.0005000000000000004
tcn,43,loo_sample_XMV_07_B10_D01,loo_sample,7.0,19,20,0.8606823682785034,0.7716239202657807,0.8531119844214151,0.00975,1.0,62.25,tcn|S43|F19|XMV07|B10|D01,10.0,1,0.9080324335548172,0.9468683792377708,0.01025,0.13640851328903647,0.09375639481635567,-0.0005000000000000004
tcn,43,loo_sample_XMV_07_B10_D03,loo_sample,7.0,19,20,0.86073237657547,0.7719033222591362,0.8532494135216045,0.0095,1.0,62.25,tcn|S43|F19|XMV07|B10|D03,10.0,3,0.9080324335548172,0.9468683792377708,0.01025,0.13612911129568106,0.09361896571616624,-0.0007500000000000007
tcn,43,loo_sample_XMV_07_B10_D10,loo_sample,7.0,19,20,0.8605818748474121,0.7718544019933555,0.853190504905157,0.01,1.0,62.25,tcn|S43|F19|XMV07|B10|D10,10.0,10,0.9080324335548172,0.9468683792377708,0.01025,0.1361780315614617,0.09367787433261376,-0.0002500000000000002
tcn,43,loo_sample_XMV_07_B20_D01,loo_sample,7.0,19,20,0.8605411648750305,0.7719964908637874,0.8532714476964562,0.00975,1.0,62.25,tcn|S43|F19|XMV07|B20|D01,20.0,1,0.9080324335548172,0.9468683792377708,0.01025,0.1360359426910298,0.09359693154131454,-0.0005000000000000004
tcn,43,loo_sample_XMV_07_B20_D03,loo_sample,7.0,19,20,0.860494077205658,0.7719216362126246,0.8531895283742507,0.0095,1.0,62.25,tcn|S43|F19|XMV07|B20|D03,20.0,3,0.9080324335548172,0.9468683792377708,0.01025,0.13611079734219267,0.09367885086352012,-0.0007500000000000007
tcn,43,loo_sample_XMV_07_B20_D10,loo_sample,7.0,19,20,0.8603969812393188,0.7717870847176079,0.8531426143142594,0.0095,1.0,62.25,tcn|S43|F19|XMV07|B20|D10,20.0,10,0.9080324335548172,0.9468683792377708,0.01025,0.1362453488372093,0.09372576492351137,-0.0007500000000000007
tcn,43,loo_sample_XMV_08_B05_D01,loo_sample,8.0,19,20,0.8604423403739929,0.8499711378737541,0.9115072573240696,0.0105,1.0,36.85,tcn|S43|F19|XMV08|B05|D01,5.0,1,0.9080324335548172,0.9468683792377708,0.01025,0.05806129568106311,0.03536112191370122,0.0002500000000000002
tcn,43,loo_sample_XMV_08_B05_D03,loo_sample,8.0,19,20,0.8605523705482483,0.8499100498338871,0.9114771970750633,0.01,1.0,36.9,tcn|S43|F19|XMV08|B05|D03,5.0,3,0.9080324335548172,0.9468683792377708,0.01025,0.05812238372093015,0.035391182162707535,-0.0002500000000000002
tcn,43,loo_sample_XMV_08_B05_D10,loo_sample,8.0,19,20,0.8605541586875916,0.849874273255814,0.9114501557595333,0.01,1.0,36.85,tcn|S43|F19|XMV08|B05|D10,5.0,10,0.9080324335548172,0.9468683792377708,0.01025,0.058158160299003225,0.03541822347823753,-0.0002500000000000002
tcn,43,loo_sample_XMV_08_B10_D01,loo_sample,8.0,19,20,0.8607289791107178,0.8498366279069768,0.9114172774765712,0.01025,1.0,36.8,tcn|S43|F19|XMV08|B10|D01,10.0,1,0.9080324335548172,0.9468683792377708,0.01025,0.05819580564784044,0.03545110176119959,0.0
tcn,43,loo_sample_XMV_08_B10_D03,loo_sample,8.0,19,20,0.8607683777809143,0.8498409053156146,0.9114311223571212,0.01,1.0,36.8,tcn|S43|F19|XMV08|B10|D03,10.0,3,0.9080324335548172,0.9468683792377708,0.01025,0.058191528239202595,0.03543725688064958,-0.0002500000000000002
tcn,43,loo_sample_XMV_08_B10_D10,loo_sample,8.0,19,20,0.8608449101448059,0.8498552740863787,0.9114369272324911,0.01,1.0,36.9,tcn|S43|F19|XMV08|B10|D10,10.0,10,0.9080324335548172,0.9468683792377708,0.01025,0.05817715946843849,0.03543145200527964,-0.0002500000000000002
tcn,43,loo_sample_XMV_08_B20_D01,loo_sample,8.0,19,20,0.8606418371200562,0.8498384759136213,0.9114092118123596,0.01075,1.0,36.85,tcn|S43|F19|XMV08|B20|D01,20.0,1,0.9080324335548172,0.9468683792377708,0.01025,0.05819395764119595,0.03545916742541122,0.0004999999999999987
tcn,43,loo_sample_XMV_08_B20_D03,loo_sample,8.0,19,20,0.860368549823761,0.8499003945182724,0.9114602701831206,0.0105,1.0,36.85,tcn|S43|F19|XMV08|B20|D03,20.0,3,0.9080324335548172,0.9468683792377708,0.01025,0.05813203903654485,0.035408109054650194,0.0002500000000000002
tcn,43,loo_sample_XMV_08_B20_D10,loo_sample,8.0,19,20,0.8606054782867432,0.8498612541528239,0.9114362816588184,0.01025,1.0,36.8,tcn|S43|F19|XMV08|B20|D10,20.0,10,0.9080324335548172,0.9468683792377708,0.01025,0.058171179401993345,0.03543209757895238,0.0
tcn,43,loo_sample_XMV_02_B05_D01,loo_sample,2.0,25,20,0.8619116544723511,0.6189767649501661,0.7136720079637884,0.00725,0.1,285.9,tcn|S43|F25|XMV02|B05|D01,5.0,1,0.907528280730897,0.9496124992688928,0.007,0.2885515157807309,0.23594049130510442,0.0002500000000000002
tcn,43,loo_sample_XMV_02_B05_D03,loo_sample,2.0,25,20,0.8620479106903076,0.6192171719269103,0.7140093326155267,0.007,0.1,285.9,tcn|S43|F25|XMV02|B05|D03,5.0,3,0.907528280730897,0.9496124992688928,0.007,0.2883111088039867,0.23560316665336611,0.0
tcn,43,loo_sample_XMV_02_B05_D10,loo_sample,2.0,25,20,0.8618436455726624,0.6193231935215947,0.7141304586583621,0.007,0.1,285.9,tcn|S43|F25|XMV02|B05|D10,5.0,10,0.907528280730897,0.9496124992688928,0.007,0.28820508720930227,0.23548204061053069,0.0
tcn,43,loo_sample_XMV_02_B10_D01,loo_sample,2.0,25,20,0.860409677028656,0.6192106935215946,0.7138254258315528,0.00725,0.1,285.9,tcn|S43|F25|XMV02|B10|D01,10.0,1,0.907528280730897,0.9496124992688928,0.007,0.28831758720930234,0.23578707343733996,0.0002500000000000002
tcn,43,loo_sample_XMV_02_B10_D03,loo_sample,2.0,25,20,0.86112380027771,0.6194318936877077,0.7140589117024154,0.007,0.1,285.9,tcn|S43|F25|XMV02|B10|D03,10.0,3,0.907528280730897,0.9496124992688928,0.007,0.2880963870431893,0.23555358756647737,0.0
tcn,43,loo_sample_XMV_02_B10_D10,loo_sample,2.0,25,20,0.861382246017456,0.6192176702657808,0.7140134515767464,0.007,0.1,285.9,tcn|S43|F25|XMV02|B10|D10,10.0,10,0.907528280730897,0.9496124992688928,0.007,0.2883106104651162,0.23559904769214635,0.0
tcn,43,loo_sample_XMV_02_B20_D01,loo_sample,2.0,25,20,0.8612273931503296,0.619218438538206,0.7142498096670681,0.00725,0.1,285.9,tcn|S43|F25|XMV02|B20|D01,20.0,1,0.907528280730897,0.9496124992688928,0.007,0.28830984219269096,0.23536268960182471,0.0002500000000000002
tcn,43,loo_sample_XMV_02_B20_D03,loo_sample,2.0,25,20,0.8611595630645752,0.6192198504983388,0.7140481276174566,0.007,0.1,285.9,tcn|S43|F25|XMV02|B20|D03,20.0,3,0.907528280730897,0.9496124992688928,0.007,0.28830843023255814,0.23556437165143618,0.0
tcn,43,loo_sample_XMV_02_B20_D10,loo_sample,2.0,25,20,0.861741304397583,0.6191501245847176,0.7139647887173982,0.007,0.1,285.9,tcn|S43|F25|XMV02|B20|D10,20.0,10,0.907528280730897,0.9496124992688928,0.007,0.28837815614617934,0.23564771055149458,0.0
tcn,44,loo_sample_XMV_10_B05_D01,loo_sample,10.0,4,20,0.8595197796821594,0.5130546511627907,0.6211314802018413,0.00975,1.0,2.0,tcn|S44|F4|XMV10|B05|D01,5.0,1,0.6115762873754153,0.6884960886459277,0.00975,0.09852163621262455,0.06736460844408643,0.0
tcn,44,loo_sample_XMV_10_B05_D03,loo_sample,10.0,4,20,0.8594551086425781,0.5130553156146179,0.621121057944951,0.01,1.0,2.0,tcn|S44|F4|XMV10|B05|D03,5.0,3,0.6115762873754153,0.6884960886459277,0.00975,0.09852097176079733,0.06737503070097672,0.0002500000000000002
tcn,44,loo_sample_XMV_10_B05_D10,loo_sample,10.0,4,20,0.8597168922424316,0.5130644102990033,0.6211193906591266,0.00975,1.0,2.0,tcn|S44|F4|XMV10|B05|D10,5.0,10,0.6115762873754153,0.6884960886459277,0.00975,0.09851187707641196,0.06737669798680113,0.0
tcn,44,loo_sample_XMV_10_B10_D01,loo_sample,10.0,4,20,0.8595694899559021,0.5131075996677741,0.6211557421266936,0.01,1.0,2.0,tcn|S44|F4|XMV10|B10|D01,10.0,1,0.6115762873754153,0.6884960886459277,0.00975,0.09846868770764117,0.06734034651923415,0.0002500000000000002
tcn,44,loo_sample_XMV_10_B10_D03,loo_sample,10.0,4,20,0.8595513105392456,0.5130646594684385,0.6211130887142954,0.0095,1.0,2.0,tcn|S44|F4|XMV10|B10|D03,10.0,3,0.6115762873754153,0.6884960886459277,0.00975,0.09851162790697676,0.06738299993163233,-0.0002500000000000002
tcn,44,loo_sample_XMV_10_B10_D10,loo_sample,10.0,4,20,0.8595660924911499,0.5130658637873754,0.6211109928172638,0.00975,1.0,2.0,tcn|S44|F4|XMV10|B10|D10,10.0,10,0.6115762873754153,0.6884960886459277,0.00975,0.09851042358803985,0.06738509582866392,0.0
tcn,44,loo_sample_XMV_10_B20_D01,loo_sample,10.0,4,20,0.8597923517227173,0.513052761627907,0.6211650719803191,0.00975,1.0,2.0,tcn|S44|F4|XMV10|B20|D01,20.0,1,0.6115762873754153,0.6884960886459277,0.00975,0.09852352574750822,0.06733101666560859,0.0
tcn,44,loo_sample_XMV_10_B20_D03,loo_sample,10.0,4,20,0.8595721125602722,0.5130920058139535,0.6211770217628653,0.00975,1.0,2.0,tcn|S44|F4|XMV10|B20|D03,20.0,3,0.6115762873754153,0.6884960886459277,0.00975,0.09848428156146172,0.06731906688306244,0.0
tcn,44,loo_sample_XMV_10_B20_D10,loo_sample,10.0,4,20,0.859662652015686,0.5130764742524917,0.621125251577911,0.00975,1.0,2.0,tcn|S44|F4|XMV10|B20|D10,20.0,10,0.6115762873754153,0.6884960886459277,0.00975,0.09849981312292355,0.06737083706801672,0.0
tcn,44,loo_sample_XMV_07_B05_D01,loo_sample,7.0,19,20,0.8597086668014526,0.7595562292358804,0.8445582290761119,0.0105,1.0,64.35,tcn|S44|F19|XMV07|B05|D01,5.0,1,0.9009458887043188,0.9429865435761436,0.01,0.1413896594684384,0.09842831450003175,0.0005000000000000004
tcn,44,loo_sample_XMV_07_B05_D03,loo_sample,7.0,19,20,0.8599460124969482,0.7596635589700996,0.8446436501816114,0.01025,1.0,64.3,tcn|S44|F19|XMV07|B05|D03,5.0,3,0.9009458887043188,0.9429865435761436,0.01,0.14128232973421917,0.09834289339453228,0.0002500000000000002
tcn,44,loo_sample_XMV_07_B05_D10,loo_sample,7.0,19,20,0.86009681224823,0.7596545265780731,0.8446351673522083,0.01,1.0,64.35,tcn|S44|F19|XMV07|B05|D10,5.0,10,0.9009458887043188,0.9429865435761436,0.01,0.1412913621262457,0.0983513762239353,0.0
tcn,44,loo_sample_XMV_07_B10_D01,loo_sample,7.0,19,20,0.8597432374954224,0.7595954941860465,0.844621799074641,0.00975,1.0,64.2,tcn|S44|F19|XMV07|B10|D01,10.0,1,0.9009458887043188,0.9429865435761436,0.01,0.14135039451827225,0.09836474450150268,-0.0002500000000000002
tcn,44,loo_sample_XMV_07_B10_D03,loo_sample,7.0,19,20,0.8600390553474426,0.7598228820598006,0.8447268263367711,0.01,1.0,64.3,tcn|S44|F19|XMV07|B10|D03,10.0,3,0.9009458887043188,0.9429865435761436,0.01,0.14112300664451816,0.09825971723937255,0.0
tcn,44,loo_sample_XMV_07_B10_D10,loo_sample,7.0,19,20,0.8598023653030396,0.7597599252491695,0.8446833131653434,0.01,1.0,64.3,tcn|S44|F19|XMV07|B10|D10,10.0,10,0.9009458887043188,0.9429865435761436,0.01,0.14118596345514933,0.09830323041080025,0.0
tcn,44,loo_sample_XMV_07_B20_D01,loo_sample,7.0,19,20,0.8605746030807495,0.7596821428571429,0.8446146945738945,0.01,1.0,60.7,tcn|S44|F19|XMV07|B20|D01,20.0,1,0.9009458887043188,0.9429865435761436,0.01,0.14126374584717594,0.09837184900224916,0.0
tcn,44,loo_sample_XMV_07_B20_D03,loo_sample,7.0,19,20,0.8602018356323242,0.7596995431893687,0.844588604476092,0.01,1.0,64.35,tcn|S44|F19|XMV07|B20|D03,20.0,3,0.9009458887043188,0.9429865435761436,0.01,0.14124634551495008,0.09839793910005168,0.0
tcn,44,loo_sample_XMV_07_B20_D10,loo_sample,7.0,19,20,0.8602221608161926,0.7596360049833887,0.8446029219284401,0.01025,1.0,64.3,tcn|S44|F19|XMV07|B20|D10,20.0,10,0.9009458887043188,0.9429865435761436,0.01,0.14130988372093012,0.09838362164770353,0.0002500000000000002
tcn,44,loo_sample_XMV_08_B05_D01,loo_sample,8.0,19,20,0.8593797087669373,0.8446456602990033,0.9086691685433652,0.01,1.0,36.5,tcn|S44|F19|XMV08|B05|D01,5.0,1,0.9009458887043188,0.9429865435761436,0.01,0.056300228405315456,0.03431737503277843,0.0
tcn,44,loo_sample_XMV_08_B05_D03,loo_sample,8.0,19,20,0.8594521284103394,0.8446226951827243,0.9086543633622992,0.01,1.0,36.5,tcn|S44|F19|XMV08|B05|D03,5.0,3,0.9009458887043188,0.9429865435761436,0.01,0.05632319352159454,0.03433218021384443,0.0
tcn,44,loo_sample_XMV_08_B05_D10,loo_sample,8.0,19,20,0.8591853976249695,0.8446065822259137,0.9086408679856498,0.01,1.0,36.5,tcn|S44|F19|XMV08|B05|D10,5.0,10,0.9009458887043188,0.9429865435761436,0.01,0.05633930647840513,0.03434567559049384,0.0
tcn,44,loo_sample_XMV_08_B10_D01,loo_sample,8.0,19,20,0.859180212020874,0.8445742940199336,0.9086133187880234,0.01,1.0,36.5,tcn|S44|F19|XMV08|B10|D01,10.0,1,0.9009458887043188,0.9429865435761436,0.01,0.05637159468438524,0.034373224788120216,0.0
tcn,44,loo_sample_XMV_08_B10_D03,loo_sample,8.0,19,20,0.8594156503677368,0.8445950996677741,0.9086356744907296,0.01,1.0,36.5,tcn|S44|F19|XMV08|B10|D03,10.0,3,0.9009458887043188,0.9429865435761436,0.01,0.05635078903654467,0.03435086908541407,0.0
tcn,44,loo_sample_XMV_08_B10_D10,loo_sample,8.0,19,20,0.8592522144317627,0.8445719684385382,0.9086192399289452,0.01,1.0,36.5,tcn|S44|F19|XMV08|B10|D10,10.0,10,0.9009458887043188,0.9429865435761436,0.01,0.056373920265780586,0.03436730364719842,0.0
tcn,44,loo_sample_XMV_08_B20_D01,loo_sample,8.0,19,20,0.8593764901161194,0.8445912583056479,0.908617034174857,0.01,1.0,36.5,tcn|S44|F19|XMV08|B20|D01,20.0,1,0.9009458887043188,0.9429865435761436,0.01,0.056354630398670946,0.03436950940128669,0.0
tcn,44,loo_sample_XMV_08_B20_D03,loo_sample,8.0,19,20,0.8593602776527405,0.8445984219269103,0.9086306622891162,0.01,1.0,36.5,tcn|S44|F19|XMV08|B20|D03,20.0,3,0.9009458887043188,0.9429865435761436,0.01,0.05634746677740854,0.03435588128702749,0.0
tcn,44,loo_sample_XMV_08_B20_D10,loo_sample,8.0,19,20,0.8591964840888977,0.8445792566445183,0.9086203763677408,0.01,1.0,36.5,tcn|S44|F19|XMV08|B20|D10,20.0,10,0.9009458887043188,0.9429865435761436,0.01,0.056366632059800525,0.0343661672084028,0.0
tcn,44,loo_sample_XMV_02_B05_D01,loo_sample,2.0,25,20,0.8606383800506592,0.6198100913621263,0.7152536011550394,0.008,0.1,285.9,tcn|S44|F25|XMV02|B05|D01,5.0,1,0.9107346760797342,0.9516767224640134,0.00675,0.29092458471760796,0.23642312130897392,0.0012500000000000002
tcn,44,loo_sample_XMV_02_B05_D03,loo_sample,2.0,25,20,0.8603190183639526,0.6201381436877076,0.7156546540177825,0.007,0.1,285.9,tcn|S44|F25|XMV02|B05|D03,5.0,3,0.9107346760797342,0.9516767224640134,0.00675,0.29059653239202665,0.23602206844623086,0.0002500000000000002
tcn,44,loo_sample_XMV_02_B05_D10,loo_sample,2.0,25,20,0.8603887557983398,0.6203780730897009,0.7158465374500723,0.007,0.1,285.9,tcn|S44|F25|XMV02|B05|D10,5.0,10,0.9107346760797342,0.9516767224640134,0.00675,0.2903566029900333,0.23583018501394104,0.0002500000000000002
tcn,44,loo_sample_XMV_02_B10_D01,loo_sample,2.0,25,20,0.8605432510375977,0.6201493978405316,0.715425154854112,0.00625,0.1,285.9,tcn|S44|F25|XMV02|B10|D01,10.0,1,0.9107346760797342,0.9516767224640134,0.00675,0.29058527823920266,0.2362515676099014,-0.0004999999999999996
tcn,44,loo_sample_XMV_02_B10_D03,loo_sample,2.0,25,20,0.8602812886238098,0.6204412167774086,0.715788079836066,0.007,0.1,285.9,tcn|S44|F25|XMV02|B10|D03,10.0,3,0.9107346760797342,0.9516767224640134,0.00675,0.29029345930232564,0.2358886426279474,0.0002500000000000002
tcn,44,loo_sample_XMV_02_B10_D10,loo_sample,2.0,25,20,0.8597711324691772,0.6203459302325581,0.7157635101354298,0.007,0.1,285.9,tcn|S44|F25|XMV02|B10|D10,10.0,10,0.9107346760797342,0.9516767224640134,0.00675,0.2903887458471761,0.23591321232858353,0.0002500000000000002
tcn,44,loo_sample_XMV_02_B20_D01,loo_sample,2.0,25,20,0.8601049184799194,0.6203082433554817,0.7159852682166635,0.00675,0.1,285.9,tcn|S44|F25|XMV02|B20|D01,20.0,1,0.9107346760797342,0.9516767224640134,0.00675,0.2904264327242525,0.23569145424734983,0.0
tcn,44,loo_sample_XMV_02_B20_D03,loo_sample,2.0,25,20,0.8601130247116089,0.6202852367109635,0.715796395581428,0.00725,0.1,285.9,tcn|S44|F25|XMV02|B20|D03,20.0,3,0.9107346760797342,0.9516767224640134,0.00675,0.29044943936877077,0.2358803268825853,0.0005000000000000004
tcn,44,loo_sample_XMV_02_B20_D10,loo_sample,2.0,25,20,0.8604299426078796,0.6202042774086379,0.7156575547785657,0.00675,0.1,285.9,tcn|S44|F25|XMV02|B20|D10,20.0,10,0.9107346760797342,0.9516767224640134,0.00675,0.2905303986710963,0.23601916768544762,0.0
tcn,45,loo_sample_XMV_10_B05_D01,loo_sample,10.0,4,20,0.8581293821334839,0.514215053986711,0.6219975458293012,0.0105,1.0,2.0,tcn|S45|F4|XMV10|B05|D01,5.0,1,0.6997379983388704,0.760677208434068,0.01075,0.18552294435215944,0.13867966260476683,-0.0002499999999999985
tcn,45,loo_sample_XMV_10_B05_D03,loo_sample,10.0,4,20,0.8579854965209961,0.5142390988372093,0.6219989196344006,0.0105,1.0,2.0,tcn|S45|F4|XMV10|B05|D03,5.0,3,0.6997379983388704,0.760677208434068,0.01075,0.1854988995016611,0.13867828879966748,-0.0002499999999999985
tcn,45,loo_sample_XMV_10_B05_D10,loo_sample,10.0,4,20,0.8579175472259521,0.5142769725913622,0.6220198694398128,0.01075,1.0,2.0,tcn|S45|F4|XMV10|B05|D10,5.0,10,0.6997379983388704,0.760677208434068,0.01075,0.18546102574750822,0.13865733899425525,0.0
tcn,45,loo_sample_XMV_10_B10_D01,loo_sample,10.0,4,20,0.8580486178398132,0.5143011420265781,0.6219930097207467,0.01,1.0,2.0,tcn|S45|F4|XMV10|B10|D01,10.0,1,0.6997379983388704,0.760677208434068,0.01075,0.18543685631229234,0.13868419871332138,-0.0007499999999999989
tcn,45,loo_sample_XMV_10_B10_D03,loo_sample,10.0,4,20,0.8581681251525879,0.5143288205980067,0.6220218662733956,0.0105,1.0,2.0,tcn|S45|F4|XMV10|B10|D03,10.0,3,0.6997379983388704,0.760677208434068,0.01075,0.18540917774086374,0.13865534216067243,-0.0002499999999999985
tcn,45,loo_sample_XMV_10_B10_D10,loo_sample,10.0,4,20,0.8578869700431824,0.5142587416943522,0.6219915442492937,0.01075,1.0,2.0,tcn|S45|F4|XMV10|B10|D10,10.0,10,0.6997379983388704,0.760677208434068,0.01075,0.18547925664451825,0.13868566418477435,0.0
tcn,45,loo_sample_XMV_10_B20_D01,loo_sample,10.0,4,20,0.8580256700515747,0.5142487541528239,0.6220608982347595,0.0105,1.0,2.0,tcn|S45|F4|XMV10|B20|D01,20.0,1,0.6997379983388704,0.760677208434068,0.01075,0.1854892441860465,0.13861631019930853,-0.0002499999999999985
tcn,45,loo_sample_XMV_10_B20_D03,loo_sample,10.0,4,20,0.8577512502670288,0.5142290905315615,0.6219990302574759,0.0105,1.0,2.0,tcn|S45|F4|XMV10|B20|D03,20.0,3,0.6997379983388704,0.760677208434068,0.01075,0.1855089078073089,0.13867817817659212,-0.0002499999999999985
tcn,45,loo_sample_XMV_10_B20_D10,loo_sample,10.0,4,20,0.8577823042869568,0.5142607973421927,0.622002971489682,0.01075,1.0,2.0,tcn|S45|F4|XMV10|B20|D10,20.0,10,0.6997379983388704,0.760677208434068,0.01075,0.18547720099667775,0.13867423694438608,0.0
tcn,45,loo_sample_XMV_07_B05_D01,loo_sample,7.0,19,20,0.8590965867042542,0.7677490863787375,0.8527032870905417,0.0115,1.0,52.05,tcn|S45|F19|XMV07|B05|D01,5.0,1,0.901668438538206,0.9436873052429112,0.0105,0.13391935215946849,0.09098401815236956,0.0009999999999999992
tcn,45,loo_sample_XMV_07_B05_D03,loo_sample,7.0,19,20,0.8585994243621826,0.767846926910299,0.8527877364666742,0.0115,1.0,51.75,tcn|S45|F19|XMV07|B05|D03,5.0,3,0.901668438538206,0.9436873052429112,0.0105,0.133821511627907,0.09089956877623706,0.0009999999999999992
tcn,45,loo_sample_XMV_07_B05_D10,loo_sample,7.0,19,20,0.8590290546417236,0.7678716985049834,0.8528195639029617,0.0115,1.0,51.75,tcn|S45|F19|XMV07|B05|D10,5.0,10,0.901668438538206,0.9436873052429112,0.0105,0.13379674003322262,0.09086774133994957,0.0009999999999999992
tcn,45,loo_sample_XMV_07_B10_D01,loo_sample,7.0,19,20,0.859460711479187,0.7676762458471761,0.8526840715553898,0.01075,1.0,58.2,tcn|S45|F19|XMV07|B10|D01,10.0,1,0.901668438538206,0.9436873052429112,0.0105,0.1339921926910299,0.09100323368752139,0.0002499999999999985
tcn,45,loo_sample_XMV_07_B10_D03,loo_sample,7.0,19,20,0.8596299886703491,0.7679834509966778,0.8528860977006438,0.011,1.0,51.75,tcn|S45|F19|XMV07|B10|D03,10.0,3,0.901668438538206,0.9436873052429112,0.0105,0.13368498754152824,0.09080120754226739,0.0004999999999999987
tcn,45,loo_sample_XMV_07_B10_D10,loo_sample,7.0,19,20,0.8590839505195618,0.7679378322259136,0.8528505743040815,0.01125,1.0,51.75,tcn|S45|F19|XMV07|B10|D10,10.0,10,0.901668438538206,0.9436873052429112,0.0105,0.1337306063122924,0.09083673093882971,0.0007499999999999989
tcn,45,loo_sample_XMV_07_B20_D01,loo_sample,7.0,19,20,0.8596178293228149,0.7682161752491694,0.8529891280832119,0.0105,1.0,51.75,tcn|S45|F19|XMV07|B20|D01,20.0,1,0.901668438538206,0.9436873052429112,0.0105,0.1334522632890366,0.0906981771596993,0.0
tcn,45,loo_sample_XMV_07_B20_D03,loo_sample,7.0,19,20,0.8593477010726929,0.7680545473421927,0.8528706153004121,0.011,1.0,51.75,tcn|S45|F19|XMV07|B20|D03,20.0,3,0.901668438538206,0.9436873052429112,0.0105,0.1336138911960133,0.09081668994249914,0.0004999999999999987
tcn,45,loo_sample_XMV_07_B20_D10,loo_sample,7.0,19,20,0.8592735528945923,0.767890261627907,0.8528345041221752,0.011,1.0,51.75,tcn|S45|F19|XMV07|B20|D10,20.0,10,0.901668438538206,0.9436873052429112,0.0105,0.13377817691029903,0.09085280112073602,0.0004999999999999987
tcn,45,loo_sample_XMV_08_B05_D01,loo_sample,8.0,19,20,0.8579415678977966,0.8493424833887043,0.9123706732717988,0.01075,1.0,34.8,tcn|S45|F19|XMV08|B05|D01,5.0,1,0.901668438538206,0.9436873052429112,0.0105,0.05232595514950167,0.03131663197111245,0.0002499999999999985
tcn,45,loo_sample_XMV_08_B05_D03,loo_sample,8.0,19,20,0.8580437898635864,0.8492708471760797,0.9123362005484268,0.01075,1.0,34.75,tcn|S45|F19|XMV08|B05|D03,5.0,3,0.901668438538206,0.9436873052429112,0.0105,0.052397591362126295,0.03135110469448443,0.0002499999999999985
tcn,45,loo_sample_XMV_08_B05_D10,loo_sample,8.0,19,20,0.8583042621612549,0.8492339493355482,0.9123129732384871,0.01075,1.0,34.8,tcn|S45|F19|XMV08|B05|D10,5.0,10,0.901668438538206,0.9436873052429112,0.0105,0.05243448920265781,0.03137433200442408,0.0002499999999999985
tcn,45,loo_sample_XMV_08_B10_D01,loo_sample,8.0,19,20,0.8580123782157898,0.8492813745847176,0.912336856417094,0.01075,1.0,34.8,tcn|S45|F19|XMV08|B10|D01,10.0,1,0.901668438538206,0.9436873052429112,0.0105,0.052387063953488355,0.03135044882581717,0.0002499999999999985
tcn,45,loo_sample_XMV_08_B10_D03,loo_sample,8.0,19,20,0.8581007122993469,0.8492410506644519,0.9123214838459766,0.01075,1.0,34.8,tcn|S45|F19|XMV08|B10|D03,10.0,3,0.901668438538206,0.9436873052429112,0.0105,0.05242738787375412,0.03136582139693467,0.0002499999999999985
tcn,45,loo_sample_XMV_08_B10_D10,loo_sample,8.0,19,20,0.8582599759101868,0.8492155523255814,0.9123039612528142,0.01075,1.0,34.8,tcn|S45|F19|XMV08|B10|D10,10.0,10,0.901668438538206,0.9436873052429112,0.0105,0.05245288621262456,0.03138334399009701,0.0002499999999999985
tcn,45,loo_sample_XMV_08_B20_D01,loo_sample,8.0,19,20,0.8583083152770996,0.8491782599667774,0.912271165215626,0.01075,1.0,34.8,tcn|S45|F19|XMV08|B20|D01,20.0,1,0.901668438538206,0.9436873052429112,0.0105,0.05249017857142857,0.03141614002728521,0.0002499999999999985
tcn,45,loo_sample_XMV_08_B20_D03,loo_sample,8.0,19,20,0.8579874038696289,0.8492311046511628,0.912305090209118,0.01075,1.0,34.8,tcn|S45|F19|XMV08|B20|D03,20.0,3,0.901668438538206,0.9436873052429112,0.0105,0.05243733388704319,0.03138221503379324,0.0002499999999999985
tcn,45,loo_sample_XMV_08_B20_D10,loo_sample,8.0,19,20,0.8582059144973755,0.8492240656146179,0.912302448083704,0.01075,1.0,34.8,tcn|S45|F19|XMV08|B20|D10,20.0,10,0.901668438538206,0.9436873052429112,0.0105,0.052444372923588056,0.03138485715920725,0.0002499999999999985
tcn,45,loo_sample_XMV_02_B05_D01,loo_sample,2.0,25,20,0.8601589202880859,0.6180094892026579,0.7132597156781286,0.0075,0.1,285.9,tcn|S45|F25|XMV02|B05|D01,5.0,1,0.9118287998338872,0.9521565684380728,0.007,0.29381931063122935,0.2388968527599442,0.0004999999999999996
tcn,45,loo_sample_XMV_02_B05_D03,loo_sample,2.0,25,20,0.859690248966217,0.6181371054817276,0.7135408736748975,0.0065,0.1,285.9,tcn|S45|F25|XMV02|B05|D03,5.0,3,0.9118287998338872,0.9521565684380728,0.007,0.2936916943521596,0.23861569476317535,-0.0005000000000000004
tcn,45,loo_sample_XMV_02_B05_D10,loo_sample,2.0,25,20,0.8600315451622009,0.6182832641196013,0.7136399761986868,0.00675,0.1,285.9,tcn|S45|F25|XMV02|B05|D10,5.0,10,0.9118287998338872,0.9521565684380728,0.007,0.2935455357142859,0.23851659223938604,-0.0002500000000000002
tcn,45,loo_sample_XMV_02_B10_D01,loo_sample,2.0,25,20,0.859456479549408,0.6181121470099668,0.7132973450753257,0.007,0.1,285.9,tcn|S45|F25|XMV02|B10|D01,10.0,1,0.9118287998338872,0.9521565684380728,0.007,0.29371665282392045,0.23885922336274712,0.0
tcn,45,loo_sample_XMV_02_B10_D03,loo_sample,2.0,25,20,0.8600029349327087,0.6183225705980067,0.7135738467542662,0.00675,0.1,285.9,tcn|S45|F25|XMV02|B10|D03,10.0,3,0.9118287998338872,0.9521565684380728,0.007,0.29350622923588054,0.23858272168380668,-0.0002500000000000002
tcn,45,loo_sample_XMV_02_B10_D10,loo_sample,2.0,25,20,0.8598207235336304,0.6182483596345515,0.7136267087664291,0.0075,0.1,285.9,tcn|S45|F25|XMV02|B10|D10,10.0,10,0.9118287998338872,0.9521565684380728,0.007,0.2935804401993357,0.23852985967164375,0.0004999999999999996
tcn,45,loo_sample_XMV_02_B20_D01,loo_sample,2.0,25,20,0.8607606887817383,0.6183230481727575,0.7138837026177113,0.00625,0.1,285.9,tcn|S45|F25|XMV02|B20|D01,20.0,1,0.9118287998338872,0.9521565684380728,0.007,0.2935057516611297,0.23827286582036156,-0.0007499999999999998
tcn,45,loo_sample_XMV_02_B20_D03,loo_sample,2.0,25,20,0.8601683974266052,0.6182794642857142,0.7137116831184521,0.00675,0.1,285.9,tcn|S45|F25|XMV02|B20|D03,20.0,3,0.9118287998338872,0.9521565684380728,0.007,0.293549335548173,0.23844488531962071,-0.0002500000000000002
tcn,45,loo_sample_XMV_02_B20_D10,loo_sample,2.0,25,20,0.8600569367408752,0.6181891818936877,0.7136062947850315,0.007,0.1,285.9,tcn|S45|F25|XMV02|B20|D10,20.0,10,0.9118287998338872,0.9521565684380728,0.007,0.29363961794019955,0.23855027365304138,0.0
tcn,46,loo_sample_XMV_10_B05_D01,loo_sample,10.0,4,20,0.8588407635688782,0.5139206187707641,0.6215022446220133,0.01075,1.0,2.0,tcn|S46|F4|XMV10|B05|D01,5.0,1,0.7303920681063123,0.787064004205499,0.0105,0.21647144933554818,0.16556175958348573,0.0002499999999999985
tcn,46,loo_sample_XMV_10_B05_D03,loo_sample,10.0,4,20,0.8586742877960205,0.5139059177740863,0.6214734609479983,0.01075,1.0,2.0,tcn|S46|F4|XMV10|B05|D03,5.0,3,0.7303920681063123,0.787064004205499,0.0105,0.21648615033222596,0.16559054325750078,0.0002499999999999985
tcn,46,loo_sample_XMV_10_B05_D10,loo_sample,10.0,4,20,0.8587484359741211,0.5139357558139535,0.6214977938474018,0.01075,1.0,2.0,tcn|S46|F4|XMV10|B05|D10,5.0,10,0.7303920681063123,0.787064004205499,0.0105,0.21645631229235884,0.16556621035809727,0.0002499999999999985
tcn,46,loo_sample_XMV_10_B10_D01,loo_sample,10.0,4,20,0.8583017587661743,0.5140470514950166,0.6215661564110249,0.011,1.0,2.0,tcn|S46|F4|XMV10|B10|D01,10.0,1,0.7303920681063123,0.787064004205499,0.0105,0.21634501661129568,0.16549784779447418,0.0004999999999999987
tcn,46,loo_sample_XMV_10_B10_D03,loo_sample,10.0,4,20,0.8587502241134644,0.5140469476744186,0.6215535524561451,0.0105,1.0,2.0,tcn|S46|F4|XMV10|B10|D03,10.0,3,0.7303920681063123,0.787064004205499,0.0105,0.2163451204318937,0.16551045174935397,0.0
tcn,46,loo_sample_XMV_10_B10_D10,loo_sample,10.0,4,20,0.8586932420730591,0.5139736088039867,0.6214978367497712,0.01075,1.0,2.0,tcn|S46|F4|XMV10|B10|D10,10.0,10,0.7303920681063123,0.787064004205499,0.0105,0.21641845930232562,0.16556616745572783,0.0002499999999999985
tcn,46,loo_sample_XMV_10_B20_D01,loo_sample,10.0,4,20,0.8583031892776489,0.513932392026578,0.6215623133712382,0.01075,1.0,2.0,tcn|S46|F4|XMV10|B20|D01,20.0,1,0.7303920681063123,0.787064004205499,0.0105,0.21645967607973426,0.1655016908342608,0.0002499999999999985
tcn,46,loo_sample_XMV_10_B20_D03,loo_sample,10.0,4,20,0.8586242198944092,0.514012292358804,0.6215494194787475,0.0105,1.0,2.0,tcn|S46|F4|XMV10|B20|D03,20.0,3,0.7303920681063123,0.787064004205499,0.0105,0.21637977574750833,0.1655145847267515,0.0
tcn,46,loo_sample_XMV_10_B20_D10,loo_sample,10.0,4,20,0.8585895895957947,0.5139981935215947,0.6215246522868461,0.0105,1.0,2.0,tcn|S46|F4|XMV10|B20|D10,20.0,10,0.7303920681063123,0.787064004205499,0.0105,0.2163938745847176,0.165539351918653,0.0
tcn,46,loo_sample_XMV_07_B05_D01,loo_sample,7.0,19,20,0.8594104647636414,0.7630519102990033,0.8478517835541848,0.01125,1.0,58.8,tcn|S46|F19|XMV07|B05|D01,5.0,1,0.90019323089701,0.942068671087995,0.01075,0.13714132059800666,0.09421688753381019,0.0005000000000000004
tcn,46,loo_sample_XMV_07_B05_D03,loo_sample,7.0,19,20,0.8590352535247803,0.7630890780730897,0.8478933777706154,0.01125,1.0,58.9,tcn|S46|F19|XMV07|B05|D03,5.0,3,0.90019323089701,0.942068671087995,0.01075,0.1371041528239203,0.09417529331737962,0.0005000000000000004
tcn,46,loo_sample_XMV_07_B05_D10,loo_sample,7.0,19,20,0.859420895576477,0.7631768895348837,0.8479295735831331,0.01025,1.0,58.95,tcn|S46|F19|XMV07|B05|D10,5.0,10,0.90019323089701,0.942068671087995,0.01075,0.13701634136212626,0.09413909750486182,-0.0004999999999999987
tcn,46,loo_sample_XMV_07_B10_D01,loo_sample,7.0,19,20,0.8598215579986572,0.7629177948504984,0.8478054921518955,0.01025,1.0,59.05,tcn|S46|F19|XMV07|B10|D01,10.0,1,0.90019323089701,0.942068671087995,0.01075,0.1372754360465116,0.09426317893609948,-0.0004999999999999987
tcn,46,loo_sample_XMV_07_B10_D03,loo_sample,7.0,19,20,0.8596926331520081,0.7633309800664452,0.8480263056004709,0.01075,1.0,59.05,tcn|S46|F19|XMV07|B10|D03,10.0,3,0.90019323089701,0.942068671087995,0.01075,0.1368622508305648,0.0940423654875241,0.0
tcn,46,loo_sample_XMV_07_B10_D10,loo_sample,7.0,19,20,0.8596621751785278,0.7632729235880399,0.8479859208032374,0.0105,1.0,58.95,tcn|S46|F19|XMV07|B10|D10,10.0,10,0.90019323089701,0.942068671087995,0.01075,0.1369203073089701,0.09408275028475754,-0.0002499999999999985
tcn,46,loo_sample_XMV_07_B20_D01,loo_sample,7.0,19,20,0.859786868095398,0.7634109219269103,0.8480322319305739,0.01025,1.0,58.65,tcn|S46|F19|XMV07|B20|D01,20.0,1,0.90019323089701,0.942068671087995,0.01075,0.1367823089700997,0.0940364391574211,-0.0004999999999999987
tcn,46,loo_sample_XMV_07_B20_D03,loo_sample,7.0,19,20,0.8596683144569397,0.7634536129568106,0.8480256034930674,0.01,1.0,58.95,tcn|S46|F19|XMV07|B20|D03,20.0,3,0.90019323089701,0.942068671087995,0.01075,0.1367396179401994,0.09404306759492753,-0.0007499999999999989
tcn,46,loo_sample_XMV_07_B20_D10,loo_sample,7.0,19,20,0.8592724800109863,0.7632871054817276,0.8479809088069546,0.0105,1.0,58.95,tcn|S46|F19|XMV07|B20|D10,20.0,10,0.90019323089701,0.942068671087995,0.01075,0.13690612541528235,0.09408776228104032,-0.0002499999999999985
tcn,46,loo_sample_XMV_08_B05_D01,loo_sample,8.0,19,20,0.8583124876022339,0.8498016403654485,0.9115857546653414,0.01075,1.0,35.8,tcn|S46|F19|XMV08|B05|D01,5.0,1,0.90019323089701,0.942068671087995,0.01075,0.0503915905315615,0.03048291642265355,0.0
tcn,46,loo_sample_XMV_08_B05_D03,loo_sample,8.0,19,20,0.8583915829658508,0.8498005813953489,0.9115863161509536,0.01075,1.0,35.8,tcn|S46|F19|XMV08|B05|D03,5.0,3,0.90019323089701,0.942068671087995,0.01075,0.05039264950166111,0.030482354937041323,0.0
tcn,46,loo_sample_XMV_08_B05_D10,loo_sample,8.0,19,20,0.858313798904419,0.8497576827242524,0.9115625256418288,0.01075,1.0,35.8,tcn|S46|F19|XMV08|B05|D10,5.0,10,0.90019323089701,0.942068671087995,0.01075,0.05043554817275753,0.030506145446166144,0.0
tcn,46,loo_sample_XMV_08_B10_D01,loo_sample,8.0,19,20,0.858610987663269,0.8498184800664452,0.9115793388166694,0.01075,1.0,35.8,tcn|S46|F19|XMV08|B10|D01,10.0,1,0.90019323089701,0.942068671087995,0.01075,0.05037475083056475,0.030489332271325553,0.0
tcn,46,loo_sample_XMV_08_B10_D03,loo_sample,8.0,19,20,0.8584327697753906,0.8497719684385382,0.9115732959427691,0.01075,1.0,35.8,tcn|S46|F19|XMV08|B10|D03,10.0,3,0.90019323089701,0.942068671087995,0.01075,0.05042126245847178,0.030495375145225823,0.0
tcn,46,loo_sample_XMV_08_B10_D10,loo_sample,8.0,19,20,0.858219563961029,0.8497464700996678,0.9115556493497582,0.01075,1.0,35.8,tcn|S46|F19|XMV08|B10|D10,10.0,10,0.90019323089701,0.942068671087995,0.01075,0.05044676079734223,0.03051302173823678,0.0
tcn,46,loo_sample_XMV_08_B20_D01,loo_sample,8.0,19,20,0.858733594417572,0.8497369601328904,0.9115515421776744,0.0105,1.0,35.8,tcn|S46|F19|XMV08|B20|D01,20.0,1,0.90019323089701,0.942068671087995,0.01075,0.050456270764119626,0.030517128910320546,-0.0002499999999999985
tcn,46,loo_sample_XMV_08_B20_D03,loo_sample,8.0,19,20,0.8583794832229614,0.8498002284053157,0.9115863678955676,0.0105,1.0,35.8,tcn|S46|F19|XMV08|B20|D03,20.0,3,0.90019323089701,0.942068671087995,0.01075,0.050393002491694316,0.030482303192427396,-0.0002499999999999985
tcn,46,loo_sample_XMV_08_B20_D10,loo_sample,8.0,19,20,0.8583417534828186,0.8497700166112957,0.9115677487975484,0.01075,1.0,35.8,tcn|S46|F19|XMV08|B20|D10,20.0,10,0.90019323089701,0.942068671087995,0.01075,0.05042321428571428,0.03050092229044654,0.0
tcn,46,loo_sample_XMV_02_B05_D01,loo_sample,2.0,25,20,0.860754668712616,0.623347134551495,0.7173719380818112,0.0075,0.1,285.9,tcn|S46|F25|XMV02|B05|D01,5.0,1,0.909809011627907,0.95082832839458,0.00725,0.2864618770764119,0.23345639031276877,0.00024999999999999935
tcn,46,loo_sample_XMV_02_B05_D03,loo_sample,2.0,25,20,0.8604789972305298,0.6234981935215946,0.7176433478378982,0.0075,0.1,285.9,tcn|S46|F25|XMV02|B05|D03,5.0,3,0.909809011627907,0.95082832839458,0.00725,0.2863108181063123,0.2331849805566818,0.00024999999999999935
tcn,46,loo_sample_XMV_02_B05_D10,loo_sample,2.0,25,20,0.8599363565444946,0.6236435631229236,0.7177847523027436,0.007,0.1,285.9,tcn|S46|F25|XMV02|B05|D10,5.0,10,0.909809011627907,0.95082832839458,0.00725,0.2861654485049834,0.23304357609183635,-0.0002500000000000002
tcn,46,loo_sample_XMV_02_B10_D01,loo_sample,2.0,25,20,0.8599205613136292,0.6233525955149501,0.7173542528593547,0.0075,0.1,285.9,tcn|S46|F25|XMV02|B10|D01,10.0,1,0.909809011627907,0.95082832839458,0.00725,0.2864564161129568,0.23347407553522526,0.00024999999999999935
tcn,46,loo_sample_XMV_02_B10_D03,loo_sample,2.0,25,20,0.8597211837768555,0.6236027408637874,0.7176239729401965,0.00725,0.1,285.9,tcn|S46|F25|XMV02|B10|D03,10.0,3,0.909809011627907,0.95082832839458,0.00725,0.28620627076411953,0.23320435545438345,0.0
tcn,46,loo_sample_XMV_02_B10_D10,loo_sample,2.0,25,20,0.8600574731826782,0.6235000207641196,0.7176474621645277,0.00725,0.1,285.9,tcn|S46|F25|XMV02|B10|D10,10.0,10,0.909809011627907,0.95082832839458,0.00725,0.28630899086378736,0.2331808662300523,0.0
tcn,46,loo_sample_XMV_02_B20_D01,loo_sample,2.0,25,20,0.8603774905204773,0.6235276785714285,0.7179704397836683,0.0075,0.1,285.9,tcn|S46|F25|XMV02|B20|D01,20.0,1,0.909809011627907,0.95082832839458,0.00725,0.2862813330564784,0.23285788861091172,0.00024999999999999935
tcn,46,loo_sample_XMV_02_B20_D03,loo_sample,2.0,25,20,0.8597554564476013,0.6234950166112957,0.7177258322672787,0.0075,0.1,285.9,tcn|S46|F25|XMV02|B20|D03,20.0,3,0.909809011627907,0.95082832839458,0.00725,0.28631399501661126,0.23310249612730127,0.00024999999999999935
tcn,46,loo_sample_XMV_02_B20_D10,loo_sample,2.0,25,20,0.8599006533622742,0.6233857350498339,0.7175450230124567,0.00725,0.1,285.9,tcn|S46|F25|XMV02|B20|D10,20.0,10,0.909809011627907,0.95082832839458,0.00725,0.2864232765780731,0.23328330538212327,0.0
transformer,42,loo_sample_XMV_10_B05_D01,loo_sample,10.0,4,20,0.8211879134178162,0.5176104651162791,0.6270268930389566,0.01,1.0,2.0,transformer|S42|F4|XMV10|B05|D01,5.0,1,0.6186080564784053,0.7139138024803066,0.01,0.10099759136212627,0.08688690944134991,0.0
transformer,42,loo_sample_XMV_10_B05_D03,loo_sample,10.0,4,20,0.8209037780761719,0.5176763496677741,0.6270690967676743,0.01075,1.0,2.0,transformer|S42|F4|XMV10|B05|D03,5.0,3,0.6186080564784053,0.7139138024803066,0.01,0.10093170681063124,0.08684470571263225,0.0007499999999999989
transformer,42,loo_sample_XMV_10_B05_D10,loo_sample,10.0,4,20,0.8210223913192749,0.5176966985049833,0.6270652475333497,0.01075,1.0,2.0,transformer|S42|F4|XMV10|B05|D10,5.0,10,0.6186080564784053,0.7139138024803066,0.01,0.10091135797342199,0.08684855494695687,0.0007499999999999989
transformer,42,loo_sample_XMV_10_B10_D01,loo_sample,10.0,4,20,0.8209455013275146,0.517650830564784,0.6270411969310024,0.0105,1.0,2.0,transformer|S42|F4|XMV10|B10|D01,10.0,1,0.6186080564784053,0.7139138024803066,0.01,0.10095722591362133,0.0868726055493042,0.0005000000000000004
transformer,42,loo_sample_XMV_10_B10_D03,loo_sample,10.0,4,20,0.8208749890327454,0.5176687915282392,0.6270341224909015,0.01075,1.0,2.0,transformer|S42|F4|XMV10|B10|D03,10.0,3,0.6186080564784053,0.7139138024803066,0.01,0.10093926495016614,0.08687967998940505,0.0007499999999999989
transformer,42,loo_sample_XMV_10_B10_D10,loo_sample,10.0,4,20,0.8209517598152161,0.5176735257475084,0.627045177894339,0.01075,1.0,2.0,transformer|S42|F4|XMV10|B10|D10,10.0,10,0.6186080564784053,0.7139138024803066,0.01,0.10093453073089698,0.08686862458596756,0.0007499999999999989
transformer,42,loo_sample_XMV_10_B20_D01,loo_sample,10.0,4,20,0.8210218548774719,0.5176865863787375,0.6270737086073931,0.0105,1.0,2.0,transformer|S42|F4|XMV10|B20|D01,20.0,1,0.6186080564784053,0.7139138024803066,0.01,0.10092147009966779,0.08684009387291347,0.0005000000000000004
transformer,42,loo_sample_XMV_10_B20_D03,loo_sample,10.0,4,20,0.8209166526794434,0.5176685215946843,0.6270475407572135,0.01075,1.0,2.0,transformer|S42|F4|XMV10|B20|D03,20.0,3,0.6186080564784053,0.7139138024803066,0.01,0.10093953488372098,0.08686626172309309,0.0007499999999999989
transformer,42,loo_sample_XMV_10_B20_D10,loo_sample,10.0,4,20,0.8209915161132812,0.5176904485049834,0.6270566756636224,0.01075,1.0,2.0,transformer|S42|F4|XMV10|B20|D10,20.0,10,0.6186080564784053,0.7139138024803066,0.01,0.10091760797342197,0.08685712681668412,0.0007499999999999989
transformer,42,loo_sample_XMV_07_B05_D01,loo_sample,7.0,19,20,0.8209330439567566,0.778156146179402,0.8565010364114339,0.01,1.0,67.05,transformer|S42|F19|XMV07|B05|D01,5.0,1,0.9055809593023256,0.946024371794115,0.00975,0.12742481312292364,0.08952333538268109,0.0002500000000000002
transformer,42,loo_sample_XMV_07_B05_D03,loo_sample,7.0,19,20,0.8208373188972473,0.7782032392026578,0.856546422086615,0.01025,1.0,67.05,transformer|S42|F19|XMV07|B05|D03,5.0,3,0.9055809593023256,0.946024371794115,0.00975,0.12737772009966786,0.0894779497075,0.0005000000000000004
transformer,42,loo_sample_XMV_07_B05_D10,loo_sample,7.0,19,20,0.8209394216537476,0.7781838455149501,0.8565167774041056,0.01,1.0,67.05,transformer|S42|F19|XMV07|B05|D10,5.0,10,0.9055809593023256,0.946024371794115,0.00975,0.1273971137873755,0.08950759439000944,0.0002500000000000002
transformer,42,loo_sample_XMV_07_B10_D01,loo_sample,7.0,19,20,0.8213241696357727,0.7780338870431893,0.8564219754223258,0.0105,1.0,67.05,transformer|S42|F19|XMV07|B10|D01,10.0,1,0.9055809593023256,0.946024371794115,0.00975,0.1275470722591363,0.08960239637178924,0.0007500000000000007
transformer,42,loo_sample_XMV_07_B10_D03,loo_sample,7.0,19,20,0.8210286498069763,0.7782480897009967,0.856549266500805,0.01,1.0,67.05,transformer|S42|F19|XMV07|B10|D03,10.0,3,0.9055809593023256,0.946024371794115,0.00975,0.12733286960132895,0.08947510529331004,0.0002500000000000002
transformer,42,loo_sample_XMV_07_B10_D10,loo_sample,7.0,19,20,0.8206570148468018,0.778202761627907,0.8565009909450542,0.01025,1.0,67.05,transformer|S42|F19|XMV07|B10|D10,10.0,10,0.9055809593023256,0.946024371794115,0.00975,0.1273781976744186,0.08952338084906086,0.0005000000000000004
transformer,42,loo_sample_XMV_07_B20_D01,loo_sample,7.0,19,20,0.8213935494422913,0.7782889742524917,0.8565573663452557,0.01025,1.0,67.05,transformer|S42|F19|XMV07|B20|D01,20.0,1,0.9055809593023256,0.946024371794115,0.00975,0.12729198504983397,0.08946700544885933,0.0005000000000000004
transformer,42,loo_sample_XMV_07_B20_D03,loo_sample,7.0,19,20,0.8209097385406494,0.7782837624584718,0.8565297027977506,0.01,1.0,67.05,transformer|S42|F19|XMV07|B20|D03,20.0,3,0.9055809593023256,0.946024371794115,0.00975,0.12729719684385388,0.08949466899636438,0.0002500000000000002
transformer,42,loo_sample_XMV_07_B20_D10,loo_sample,7.0,19,20,0.8209695816040039,0.7781552117940199,0.8564590202860277,0.01,1.0,67.65,transformer|S42|F19|XMV07|B20|D10,20.0,10,0.9055809593023256,0.946024371794115,0.00975,0.1274257475083057,0.08956535150808731,0.0002500000000000002
transformer,42,loo_sample_XMV_08_B05_D01,loo_sample,8.0,19,20,0.8211002945899963,0.8577007059800664,0.9169237915868736,0.00975,1.0,37.9,transformer|S42|F19|XMV08|B05|D01,5.0,1,0.9055809593023256,0.946024371794115,0.00975,0.0478802533222592,0.029100580207241378,0.0
transformer,42,loo_sample_XMV_08_B05_D03,loo_sample,8.0,19,20,0.8213276863098145,0.8577522840531562,0.916964278554779,0.00975,1.0,37.9,transformer|S42|F19|XMV08|B05|D03,5.0,3,0.9055809593023256,0.946024371794115,0.00975,0.04782867524916945,0.029060093239336005,0.0
transformer,42,loo_sample_XMV_08_B05_D10,loo_sample,8.0,19,20,0.8212194442749023,0.8577132682724252,0.9169377548858764,0.00975,1.0,37.65,transformer|S42|F19|XMV08|B05|D10,5.0,10,0.9055809593023256,0.946024371794115,0.00975,0.047867691029900405,0.02908661690823866,0.0
transformer,42,loo_sample_XMV_08_B10_D01,loo_sample,8.0,19,20,0.8206823468208313,0.8577507682724252,0.9169458043415968,0.00975,1.0,37.95,transformer|S42|F19|XMV08|B10|D01,10.0,1,0.9055809593023256,0.946024371794115,0.00975,0.04783019102990038,0.029078567452518245,0.0
transformer,42,loo_sample_XMV_08_B10_D03,loo_sample,8.0,19,20,0.8211181163787842,0.857742815614618,0.9169460790580162,0.01,1.0,37.9,transformer|S42|F19|XMV08|B10|D03,10.0,3,0.9055809593023256,0.946024371794115,0.00975,0.04783814368770767,0.029078292736098854,0.0002500000000000002
transformer,42,loo_sample_XMV_08_B10_D10,loo_sample,8.0,19,20,0.821054220199585,0.8577329526578074,0.9169462169763842,0.01,1.0,37.9,transformer|S42|F19|XMV08|B10|D10,10.0,10,0.9055809593023256,0.946024371794115,0.00975,0.04784800664451827,0.029078154817730795,0.0002500000000000002
transformer,42,loo_sample_XMV_08_B20_D01,loo_sample,8.0,19,20,0.8213255405426025,0.8577138081395349,0.916923222734896,0.0095,1.0,37.9,transformer|S42|F19|XMV08|B20|D01,20.0,1,0.9055809593023256,0.946024371794115,0.00975,0.04786715116279072,0.02910114905921901,-0.0002500000000000002
transformer,42,loo_sample_XMV_08_B20_D03,loo_sample,8.0,19,20,0.8212137222290039,0.8577754568106313,0.916969613183744,0.0095,1.0,37.9,transformer|S42|F19|XMV08|B20|D03,20.0,3,0.9055809593023256,0.946024371794115,0.00975,0.04780550249169435,0.02905475861037099,-0.0002500000000000002
transformer,42,loo_sample_XMV_08_B20_D10,loo_sample,8.0,19,20,0.821117639541626,0.8577349252491694,0.916944891727348,0.00975,1.0,37.9,transformer|S42|F19|XMV08|B20|D10,20.0,10,0.9055809593023256,0.946024371794115,0.00975,0.04784603405315624,0.02907948006676697,0.0
transformer,42,loo_sample_XMV_02_B05_D01,loo_sample,2.0,25,20,0.8220887184143066,0.6738868355481727,0.7712450458351873,0.0085,0.7,201.9,transformer|S42|F25|XMV02|B05|D01,5.0,1,0.932212292358804,0.9624329074581932,0.00775,0.25832545681063124,0.19118786162300594,0.0007500000000000007
transformer,42,loo_sample_XMV_02_B05_D03,loo_sample,2.0,25,20,0.8218239545822144,0.6739879360465116,0.7714160680435648,0.009,0.7,201.9,transformer|S42|F25|XMV02|B05|D03,5.0,3,0.932212292358804,0.9624329074581932,0.00775,0.25822435631229235,0.19101683941462844,0.0012499999999999994
transformer,42,loo_sample_XMV_02_B05_D10,loo_sample,2.0,25,20,0.8215497136116028,0.674169061461794,0.7716385227207925,0.009,0.7,201.4,transformer|S42|F25|XMV02|B05|D10,5.0,10,0.932212292358804,0.9624329074581932,0.00775,0.25804323089701,0.19079438473740074,0.0012499999999999994
transformer,42,loo_sample_XMV_02_B10_D01,loo_sample,2.0,25,20,0.8218313455581665,0.6740276993355482,0.7714880663767255,0.0085,0.7,202.2,transformer|S42|F25|XMV02|B10|D01,10.0,1,0.932212292358804,0.9624329074581932,0.00775,0.2581845930232558,0.1909448410814677,0.0007500000000000007
transformer,42,loo_sample_XMV_02_B10_D03,loo_sample,2.0,25,20,0.821610689163208,0.6739666735880399,0.7714564891689285,0.00825,0.75,191.1,transformer|S42|F25|XMV02|B10|D03,10.0,3,0.932212292358804,0.9624329074581932,0.00775,0.25824561877076413,0.1909764182892647,0.0005000000000000004
transformer,42,loo_sample_XMV_02_B10_D10,loo_sample,2.0,25,20,0.8214741349220276,0.6743249792358804,0.771840347994949,0.008,0.7,200.0,transformer|S42|F25|XMV02|B10|D10,10.0,10,0.932212292358804,0.9624329074581932,0.00775,0.25788731312292357,0.19059255946324416,0.0002500000000000002
transformer,42,loo_sample_XMV_02_B20_D01,loo_sample,2.0,25,20,0.8226222395896912,0.6747222799003322,0.7722700849865666,0.0075,0.7,201.4,transformer|S42|F25|XMV02|B20|D01,20.0,1,0.932212292358804,0.9624329074581932,0.00775,0.2574900124584718,0.19016282247162664,-0.0002500000000000002
transformer,42,loo_sample_XMV_02_B20_D03,loo_sample,2.0,25,20,0.8219741582870483,0.6744752699335548,0.7719012084361049,0.0085,0.7,201.3,transformer|S42|F25|XMV02|B20|D03,20.0,3,0.932212292358804,0.9624329074581932,0.00775,0.2577370224252492,0.19053169902208833,0.0007500000000000007
transformer,42,loo_sample_XMV_02_B20_D10,loo_sample,2.0,25,20,0.8218445181846619,0.6742973629568106,0.7717400659914845,0.00925,0.7,201.4,transformer|S42|F25|XMV02|B20|D10,20.0,10,0.932212292358804,0.9624329074581932,0.00775,0.25791492940199334,0.19069284146670873,0.0014999999999999996
transformer,43,loo_sample_XMV_10_B05_D01,loo_sample,10.0,4,20,0.8254458904266357,0.5156351536544851,0.6254134734635861,0.011,1.0,2.0,transformer|S43|F4|XMV10|B05|D01,5.0,1,0.6381061046511628,0.7135701246808719,0.01125,0.12247095099667771,0.08815665121728578,-0.0002500000000000002
transformer,43,loo_sample_XMV_10_B05_D03,loo_sample,10.0,4,20,0.8255397081375122,0.5156407184385382,0.62541368770241,0.01125,1.0,2.0,transformer|S43|F4|XMV10|B05|D03,5.0,3,0.6381061046511628,0.7135701246808719,0.01125,0.1224653862126246,0.08815643697846187,0.0
transformer,43,loo_sample_XMV_10_B05_D10,loo_sample,10.0,4,20,0.8255476951599121,0.5156947051495017,0.625466496125242,0.01075,1.0,2.0,transformer|S43|F4|XMV10|B05|D10,5.0,10,0.6381061046511628,0.7135701246808719,0.01125,0.12241139950166113,0.08810362855562992,-0.0005000000000000004
transformer,43,loo_sample_XMV_10_B10_D01,loo_sample,10.0,4,20,0.8253268003463745,0.5157466362126246,0.6255218099141109,0.0115,1.0,2.0,transformer|S43|F4|XMV10|B10|D01,10.0,1,0.6381061046511628,0.7135701246808719,0.01125,0.12235946843853818,0.088048314766761,0.0002500000000000002
transformer,43,loo_sample_XMV_10_B10_D03,loo_sample,10.0,4,20,0.8254228830337524,0.5157112956810631,0.6254981381103252,0.0115,1.0,2.0,transformer|S43|F4|XMV10|B10|D03,10.0,3,0.6381061046511628,0.7135701246808719,0.01125,0.12239480897009969,0.08807198657054671,0.0002500000000000002
transformer,43,loo_sample_XMV_10_B10_D10,loo_sample,10.0,4,20,0.8255372047424316,0.5157015988372093,0.625469588442497,0.011,1.0,2.0,transformer|S43|F4|XMV10|B10|D10,10.0,10,0.6381061046511628,0.7135701246808719,0.01125,0.12240450581395346,0.08810053623837488,-0.0002500000000000002
transformer,43,loo_sample_XMV_10_B20_D01,loo_sample,10.0,4,20,0.8252321481704712,0.5157076827242525,0.6254693569202137,0.011,1.0,2.0,transformer|S43|F4|XMV10|B20|D01,20.0,1,0.6381061046511628,0.7135701246808719,0.01125,0.1223984219269103,0.08810076776065823,-0.0002500000000000002
transformer,43,loo_sample_XMV_10_B20_D03,loo_sample,10.0,4,20,0.8254714012145996,0.5157003945182724,0.6254567853136432,0.011,1.0,2.0,transformer|S43|F4|XMV10|B20|D03,20.0,3,0.6381061046511628,0.7135701246808719,0.01125,0.12240571013289037,0.08811333936722865,-0.0002500000000000002
transformer,43,loo_sample_XMV_10_B20_D10,loo_sample,10.0,4,20,0.8255062699317932,0.5157009551495016,0.6254652565392042,0.01125,1.0,2.0,transformer|S43|F4|XMV10|B20|D10,20.0,10,0.6381061046511628,0.7135701246808719,0.01125,0.12240514950166115,0.08810486814166774,0.0
transformer,43,loo_sample_XMV_07_B05_D01,loo_sample,7.0,19,20,0.8256652355194092,0.8107557308970099,0.8824220881015564,0.01025,1.0,60.7,transformer|S43|F19|XMV07|B05|D01,5.0,1,0.926521719269103,0.95863228958305,0.00975,0.11576598837209306,0.0762102014814936,0.0005000000000000004
transformer,43,loo_sample_XMV_07_B05_D03,loo_sample,7.0,19,20,0.825255274772644,0.8107632059800665,0.8824595590543746,0.00975,1.0,60.1,transformer|S43|F19|XMV07|B05|D03,5.0,3,0.926521719269103,0.95863228958305,0.00975,0.11575851328903652,0.07617273052867546,0.0
transformer,43,loo_sample_XMV_07_B05_D10,loo_sample,7.0,19,20,0.8256099224090576,0.8107900747508305,0.8824795911823707,0.00975,1.0,60.1,transformer|S43|F19|XMV07|B05|D10,5.0,10,0.926521719269103,0.95863228958305,0.00975,0.11573164451827245,0.07615269840067929,0.0
transformer,43,loo_sample_XMV_07_B10_D01,loo_sample,7.0,19,20,0.8260956406593323,0.8105,0.8823003804053712,0.0095,1.0,60.1,transformer|S43|F19|XMV07|B10|D01,10.0,1,0.926521719269103,0.95863228958305,0.00975,0.11602171926910299,0.07633190917767885,-0.0002500000000000002
transformer,43,loo_sample_XMV_07_B10_D03,loo_sample,7.0,19,20,0.8258497714996338,0.8108123131229236,0.8824845402401861,0.00975,1.0,60.1,transformer|S43|F19|XMV07|B10|D03,10.0,3,0.926521719269103,0.95863228958305,0.00975,0.11570940614617942,0.07614774934286395,0.0
transformer,43,loo_sample_XMV_07_B10_D10,loo_sample,7.0,19,20,0.8256803154945374,0.8107912583056478,0.8824689242828205,0.0095,1.0,60.1,transformer|S43|F19|XMV07|B10|D10,10.0,10,0.926521719269103,0.95863228958305,0.00975,0.11573046096345518,0.07616336530022949,-0.0002500000000000002
transformer,43,loo_sample_XMV_07_B20_D01,loo_sample,7.0,19,20,0.8257313966751099,0.8109371470099668,0.8825427106237568,0.01,1.0,60.7,transformer|S43|F19|XMV07|B20|D01,20.0,1,0.926521719269103,0.95863228958305,0.00975,0.11558457225913621,0.07608957895929325,0.0002500000000000002
transformer,43,loo_sample_XMV_07_B20_D03,loo_sample,7.0,19,20,0.8257507681846619,0.810824065614618,0.8824697660138563,0.0105,1.0,60.1,transformer|S43|F19|XMV07|B20|D03,20.0,3,0.926521719269103,0.95863228958305,0.00975,0.11569765365448503,0.07616252356919373,0.0007500000000000007
transformer,43,loo_sample_XMV_07_B20_D10,loo_sample,7.0,19,20,0.8253709077835083,0.8107455564784053,0.8824089545673898,0.0105,1.0,60.1,transformer|S43|F19|XMV07|B20|D10,20.0,10,0.926521719269103,0.95863228958305,0.00975,0.11577616279069769,0.07622333501566025,0.0007500000000000007
transformer,43,loo_sample_XMV_08_B05_D01,loo_sample,8.0,19,20,0.8255241513252258,0.8756877699335548,0.9281914343680874,0.00975,1.0,35.45,transformer|S43|F19|XMV08|B05|D01,5.0,1,0.926521719269103,0.95863228958305,0.00975,0.05083394933554819,0.030440855214962648,0.0
transformer,43,loo_sample_XMV_08_B05_D03,loo_sample,8.0,19,20,0.8253158330917358,0.8757032392026578,0.9282026523491232,0.01,1.0,35.45,transformer|S43|F19|XMV08|B05|D03,5.0,3,0.926521719269103,0.95863228958305,0.00975,0.05081848006644518,0.030429637233926776,0.0002500000000000002
transformer,43,loo_sample_XMV_08_B05_D10,loo_sample,8.0,19,20,0.825287401676178,0.875623380398671,0.9281553303533076,0.01025,1.0,35.45,transformer|S43|F19|XMV08|B05|D10,5.0,10,0.926521719269103,0.95863228958305,0.00975,0.050898338870431936,0.030476959229742473,0.0005000000000000004
transformer,43,loo_sample_XMV_08_B10_D01,loo_sample,8.0,19,20,0.825294017791748,0.8756392441860466,0.928152148342388,0.01025,1.0,35.45,transformer|S43|F19|XMV08|B10|D01,10.0,1,0.926521719269103,0.95863228958305,0.00975,0.05088247508305643,0.030480141240662006,0.0005000000000000004
transformer,43,loo_sample_XMV_08_B10_D03,loo_sample,8.0,19,20,0.8252348899841309,0.8756423588039867,0.9281577124767824,0.01025,1.0,35.45,transformer|S43|F19|XMV08|B10|D03,10.0,3,0.926521719269103,0.95863228958305,0.00975,0.05087936046511632,0.030474577106267664,0.0005000000000000004
transformer,43,loo_sample_XMV_08_B10_D10,loo_sample,8.0,19,20,0.8251551389694214,0.8755997508305647,0.9281384602343788,0.01025,1.0,35.15,transformer|S43|F19|XMV08|B10|D10,10.0,10,0.926521719269103,0.95863228958305,0.00975,0.050921968438538245,0.030493829348671175,0.0005000000000000004
transformer,43,loo_sample_XMV_08_B20_D01,loo_sample,8.0,19,20,0.8254764676094055,0.8755402823920265,0.9281090382920344,0.0105,1.0,35.55,transformer|S43|F19|XMV08|B20|D01,20.0,1,0.926521719269103,0.95863228958305,0.00975,0.05098143687707646,0.03052325129101563,0.0007500000000000007
transformer,43,loo_sample_XMV_08_B20_D03,loo_sample,8.0,19,20,0.8251630067825317,0.8756308762458471,0.928153436931944,0.01,1.0,35.15,transformer|S43|F19|XMV08|B20|D03,20.0,3,0.926521719269103,0.95863228958305,0.00975,0.05089084302325586,0.03047885265110606,0.0002500000000000002
transformer,43,loo_sample_XMV_08_B20_D10,loo_sample,8.0,19,20,0.8253772854804993,0.8755973006644518,0.9281309932458474,0.01025,1.0,35.45,transformer|S43|F19|XMV08|B20|D10,20.0,10,0.926521719269103,0.95863228958305,0.00975,0.050924418604651134,0.030501296337202666,0.0005000000000000004
transformer,43,loo_sample_XMV_02_B05_D01,loo_sample,2.0,25,20,0.8261791467666626,0.6715105066445183,0.7675086249561328,0.00875,0.6,227.4,transformer|S43|F25|XMV02|B05|D01,5.0,1,0.9487067483388704,0.9724565890968324,0.0075,0.2771962416943521,0.2049479641406996,0.0012500000000000011
transformer,43,loo_sample_XMV_02_B05_D03,loo_sample,2.0,25,20,0.8260621428489685,0.6715302533222591,0.767605673145009,0.0085,0.65,224.6,transformer|S43|F25|XMV02|B05|D03,5.0,3,0.9487067483388704,0.9724565890968324,0.0075,0.27717649501661124,0.20485091595182336,0.0010000000000000009
transformer,43,loo_sample_XMV_02_B05_D10,loo_sample,2.0,25,20,0.8260907530784607,0.6716976951827243,0.767763729616048,0.0085,0.65,224.6,transformer|S43|F25|XMV02|B05|D10,5.0,10,0.9487067483388704,0.9724565890968324,0.0075,0.2770090531561461,0.20469285948078442,0.0010000000000000009
transformer,43,loo_sample_XMV_02_B10_D01,loo_sample,2.0,25,20,0.8254625201225281,0.6713373546511628,0.7674746233561831,0.00875,0.6,227.45,transformer|S43|F25|XMV02|B10|D01,10.0,1,0.9487067483388704,0.9724565890968324,0.0075,0.2773693936877075,0.2049819657406493,0.0012500000000000011
transformer,43,loo_sample_XMV_02_B10_D03,loo_sample,2.0,25,20,0.8266043066978455,0.6714334302325582,0.7676398881787599,0.00825,0.6,227.5,transformer|S43|F25|XMV02|B10|D03,10.0,3,0.9487067483388704,0.9724565890968324,0.0075,0.27727331810631217,0.20481670091807247,0.0007500000000000007
transformer,43,loo_sample_XMV_02_B10_D10,loo_sample,2.0,25,20,0.8266140222549438,0.6718047757475083,0.7679693007710972,0.00825,0.65,224.1,transformer|S43|F25|XMV02|B10|D10,10.0,10,0.9487067483388704,0.9724565890968324,0.0075,0.27690197259136207,0.20448728832573526,0.0007500000000000007
transformer,43,loo_sample_XMV_02_B20_D01,loo_sample,2.0,25,20,0.8262561559677124,0.6723003529900332,0.7683683146093783,0.00775,0.6,226.9,transformer|S43|F25|XMV02|B20|D01,20.0,1,0.9487067483388704,0.9724565890968324,0.0075,0.27640639534883715,0.20408827448745415,0.0002500000000000002
transformer,43,loo_sample_XMV_02_B20_D03,loo_sample,2.0,25,20,0.8266315460205078,0.6719480274086379,0.7679196915523594,0.00875,0.6,227.3,transformer|S43|F25|XMV02|B20|D03,20.0,3,0.9487067483388704,0.9724565890968324,0.0075,0.27675872093023246,0.20453689754447302,0.0012500000000000011
transformer,43,loo_sample_XMV_02_B20_D10,loo_sample,2.0,25,20,0.8260371088981628,0.6717928571428572,0.7678481033231043,0.00875,0.65,224.5,transformer|S43|F25|XMV02|B20|D10,20.0,10,0.9487067483388704,0.9724565890968324,0.0075,0.2769138911960132,0.20460848577372814,0.0012500000000000011
transformer,44,loo_sample_XMV_10_B05_D01,loo_sample,10.0,4,20,0.8199319839477539,0.5150409053156146,0.6248923815076957,0.01025,1.0,2.0,transformer|S44|F4|XMV10|B05|D01,5.0,1,0.5918931063122923,0.6942558898784467,0.01025,0.07685220099667767,0.069363508370751,0.0
transformer,44,loo_sample_XMV_10_B05_D03,loo_sample,10.0,4,20,0.8197077512741089,0.5150919019933555,0.6249261097975229,0.01025,1.0,2.0,transformer|S44|F4|XMV10|B05|D03,5.0,3,0.5918931063122923,0.6942558898784467,0.01025,0.07680120431893678,0.06932978008092372,0.0
transformer,44,loo_sample_XMV_10_B05_D10,loo_sample,10.0,4,20,0.8196672201156616,0.515091715116279,0.6249471529210598,0.0105,1.0,2.0,transformer|S44|F4|XMV10|B05|D10,5.0,10,0.5918931063122923,0.6942558898784467,0.01025,0.07680139119601326,0.06930873695738682,0.0002500000000000002
transformer,44,loo_sample_XMV_10_B10_D01,loo_sample,10.0,4,20,0.8197736144065857,0.5150947259136213,0.6249538264157329,0.0105,1.0,2.0,transformer|S44|F4|XMV10|B10|D01,10.0,1,0.5918931063122923,0.6942558898784467,0.01025,0.07679838039867104,0.06930206346271373,0.0002500000000000002
transformer,44,loo_sample_XMV_10_B10_D03,loo_sample,10.0,4,20,0.819813072681427,0.5150803779069767,0.6249464691767519,0.01025,1.0,2.0,transformer|S44|F4|XMV10|B10|D03,10.0,3,0.5918931063122923,0.6942558898784467,0.01025,0.07681272840531561,0.06930942070169477,0.0
transformer,44,loo_sample_XMV_10_B10_D10,loo_sample,10.0,4,20,0.819727897644043,0.5150880191029901,0.6249547807833039,0.0105,1.0,2.0,transformer|S44|F4|XMV10|B10|D10,10.0,10,0.5918931063122923,0.6942558898784467,0.01025,0.07680508720930224,0.06930110909514275,0.0002500000000000002
transformer,44,loo_sample_XMV_10_B20_D01,loo_sample,10.0,4,20,0.8196516036987305,0.5151174003322259,0.624988804826153,0.01025,1.0,2.0,transformer|S44|F4|XMV10|B20|D01,20.0,1,0.5918931063122923,0.6942558898784467,0.01025,0.07677570598006644,0.06926708505229362,0.0
transformer,44,loo_sample_XMV_10_B20_D03,loo_sample,10.0,4,20,0.8196201920509338,0.5151133928571429,0.6249812640816917,0.01025,1.0,2.0,transformer|S44|F4|XMV10|B20|D03,20.0,3,0.5918931063122923,0.6942558898784467,0.01025,0.07677971345514945,0.06927462579675492,0.0
transformer,44,loo_sample_XMV_10_B20_D10,loo_sample,10.0,4,20,0.8196742534637451,0.5151121677740864,0.6249739095252906,0.01025,1.0,2.0,transformer|S44|F4|XMV10|B20|D10,20.0,10,0.5918931063122923,0.6942558898784467,0.01025,0.07678093853820589,0.06928198035315603,0.0
transformer,44,loo_sample_XMV_07_B05_D01,loo_sample,7.0,19,20,0.8201010823249817,0.7735390780730897,0.853437343858012,0.0095,1.0,71.85,transformer|S44|F19|XMV07|B05|D01,5.0,1,0.901936150332226,0.9437456362168826,0.0095,0.1283970722591362,0.09030829235887061,0.0
transformer,44,loo_sample_XMV_07_B05_D03,loo_sample,7.0,19,20,0.8202349543571472,0.7735430232558139,0.8534744356061406,0.00975,1.0,71.25,transformer|S44|F19|XMV07|B05|D03,5.0,3,0.901936150332226,0.9437456362168826,0.0095,0.12839312707641204,0.09027120061074201,0.0002500000000000002
transformer,44,loo_sample_XMV_07_B05_D10,loo_sample,7.0,19,20,0.8201821446418762,0.7735236088039867,0.8534614723719192,0.009,1.0,69.5,transformer|S44|F19|XMV07|B05|D10,5.0,10,0.901936150332226,0.9437456362168826,0.0095,0.12841254152823922,0.0902841638449634,-0.0005000000000000004
transformer,44,loo_sample_XMV_07_B10_D01,loo_sample,7.0,19,20,0.8200154304504395,0.7732504568106312,0.8532746415394303,0.0095,1.0,71.25,transformer|S44|F19|XMV07|B10|D01,10.0,1,0.901936150332226,0.9437456362168826,0.0095,0.12868569352159476,0.09047099467745223,0.0
transformer,44,loo_sample_XMV_07_B10_D03,loo_sample,7.0,19,20,0.8204047679901123,0.7735892441860465,0.8534883931500424,0.00975,1.0,69.6,transformer|S44|F19|XMV07|B10|D03,10.0,3,0.901936150332226,0.9437456362168826,0.0095,0.1283469061461795,0.09025724306684013,0.0002500000000000002
transformer,44,loo_sample_XMV_07_B10_D10,loo_sample,7.0,19,20,0.820453405380249,0.7735829318936877,0.853495200224017,0.009,1.0,69.6,transformer|S44|F19|XMV07|B10|D10,10.0,10,0.901936150332226,0.9437456362168826,0.0095,0.1283532184385383,0.09025043599286553,-0.0005000000000000004
transformer,44,loo_sample_XMV_07_B20_D01,loo_sample,7.0,19,20,0.8199838399887085,0.7735435631229236,0.8534643843604838,0.00925,1.0,70.3,transformer|S44|F19|XMV07|B20|D01,20.0,1,0.901936150332226,0.9437456362168826,0.0095,0.12839258720930236,0.09028125185639879,-0.0002500000000000002
transformer,44,loo_sample_XMV_07_B20_D03,loo_sample,7.0,19,20,0.820326030254364,0.7734053363787375,0.8533520261653397,0.0095,1.0,69.5,transformer|S44|F19|XMV07|B20|D03,20.0,3,0.901936150332226,0.9437456362168826,0.0095,0.12853081395348842,0.0903936100515429,0.0
transformer,44,loo_sample_XMV_07_B20_D10,loo_sample,7.0,19,20,0.8201125860214233,0.7734090531561462,0.8533616651094603,0.0095,1.0,69.5,transformer|S44|F19|XMV07|B20|D10,20.0,10,0.901936150332226,0.9437456362168826,0.0095,0.1285270971760798,0.09038397110742225,0.0
transformer,44,loo_sample_XMV_08_B05_D01,loo_sample,8.0,19,20,0.8197189569473267,0.855847446013289,0.9169193935091696,0.01,1.0,36.05,transformer|S44|F19|XMV08|B05|D01,5.0,1,0.901936150332226,0.9437456362168826,0.0095,0.04608870431893697,0.026826242707712944,0.0005000000000000004
transformer,44,loo_sample_XMV_08_B05_D03,loo_sample,8.0,19,20,0.8197892308235168,0.8559788205980067,0.9170064622546104,0.0095,1.0,35.75,transformer|S44|F19|XMV08|B05|D03,5.0,3,0.901936150332226,0.9437456362168826,0.0095,0.04595732973421929,0.02673917396227221,0.0
transformer,44,loo_sample_XMV_08_B05_D10,loo_sample,8.0,19,20,0.8198484182357788,0.8559534053156146,0.9169947555953224,0.0095,1.0,36.05,transformer|S44|F19|XMV08|B05|D10,5.0,10,0.901936150332226,0.9437456362168826,0.0095,0.04598274501661137,0.02675088062156017,0.0
transformer,44,loo_sample_XMV_08_B10_D01,loo_sample,8.0,19,20,0.8196608424186707,0.8558574127906977,0.916930518632987,0.00925,1.0,36.1,transformer|S44|F19|XMV08|B10|D01,10.0,1,0.901936150332226,0.9437456362168826,0.0095,0.04607873754152825,0.026815117583895542,-0.0002500000000000002
transformer,44,loo_sample_XMV_08_B10_D03,loo_sample,8.0,19,20,0.8199316263198853,0.8559371470099668,0.916977263036756,0.00925,1.0,36.05,transformer|S44|F19|XMV08|B10|D03,10.0,3,0.901936150332226,0.9437456362168826,0.0095,0.04599900332225915,0.026768373180126592,-0.0002500000000000002
transformer,44,loo_sample_XMV_08_B10_D10,loo_sample,8.0,19,20,0.8199276328086853,0.8559646802325581,0.9169906052998958,0.0095,1.0,36.05,transformer|S44|F19|XMV08|B10|D10,10.0,10,0.901936150332226,0.9437456362168826,0.0095,0.045971470099667844,0.026755030916986722,0.0
transformer,44,loo_sample_XMV_08_B20_D01,loo_sample,8.0,19,20,0.8201366662979126,0.8559773255813954,0.916982999077088,0.00925,1.0,36.15,transformer|S44|F19|XMV08|B20|D01,20.0,1,0.901936150332226,0.9437456362168826,0.0095,0.045958824750830574,0.026762637139794543,-0.0002500000000000002
transformer,44,loo_sample_XMV_08_B20_D03,loo_sample,8.0,19,20,0.8198308348655701,0.8559698089700997,0.9169911467698564,0.0095,1.0,35.95,transformer|S44|F19|XMV08|B20|D03,20.0,3,0.901936150332226,0.9437456362168826,0.0095,0.045966341362126295,0.026754489447026186,0.0
transformer,44,loo_sample_XMV_08_B20_D10,loo_sample,8.0,19,20,0.8198965787887573,0.8559706810631229,0.916990623760317,0.0095,1.0,35.95,transformer|S44|F19|XMV08|B20|D10,20.0,10,0.901936150332226,0.9437456362168826,0.0095,0.045965469269103054,0.02675501245656553,0.0
transformer,44,loo_sample_XMV_02_B05_D01,loo_sample,2.0,25,20,0.8217657208442688,0.6681897425249169,0.7661139963032016,0.0085,0.6,222.1,transformer|S44|F25|XMV02|B05|D01,5.0,1,0.9261860257475084,0.9588427389788068,0.008,0.2579962832225915,0.19272874267560514,0.0005000000000000004
transformer,44,loo_sample_XMV_02_B05_D03,loo_sample,2.0,25,20,0.8213505148887634,0.6682889534883721,0.7662222933361003,0.00925,0.6,214.7,transformer|S44|F25|XMV02|B05|D03,5.0,3,0.9261860257475084,0.9588427389788068,0.008,0.2578970722591363,0.19262044564270653,0.0012499999999999994
transformer,44,loo_sample_XMV_02_B05_D10,loo_sample,2.0,25,20,0.8214126825332642,0.6684024086378737,0.7664101205203966,0.00875,0.65,203.6,transformer|S44|F25|XMV02|B05|D10,5.0,10,0.9261860257475084,0.9588427389788068,0.008,0.2577836171096347,0.1924326184584102,0.0007500000000000007
transformer,44,loo_sample_XMV_02_B10_D01,loo_sample,2.0,25,20,0.8212108612060547,0.6679471137873754,0.7659302880763783,0.00825,0.45,235.9,transformer|S44|F25|XMV02|B10|D01,10.0,1,0.9261860257475084,0.9588427389788068,0.008,0.25823891196013304,0.19291245090242848,0.0002500000000000002
transformer,44,loo_sample_XMV_02_B10_D03,loo_sample,2.0,25,20,0.8215160965919495,0.6680361295681063,0.7660613715337347,0.0085,0.6,214.2,transformer|S44|F25|XMV02|B10|D03,10.0,3,0.9261860257475084,0.9588427389788068,0.008,0.2581498961794021,0.19278136744507213,0.0005000000000000004
transformer,44,loo_sample_XMV_02_B10_D10,loo_sample,2.0,25,20,0.8214686512947083,0.6684421926910299,0.7665279447466873,0.0085,0.6,214.2,transformer|S44|F25|XMV02|B10|D10,10.0,10,0.9261860257475084,0.9588427389788068,0.008,0.2577438330564785,0.1923147942321195,0.0005000000000000004
transformer,44,loo_sample_XMV_02_B20_D01,loo_sample,2.0,25,20,0.8220012187957764,0.6690030523255814,0.7670140172213549,0.00775,0.55,225.3,transformer|S44|F25|XMV02|B20|D01,20.0,1,0.9261860257475084,0.9588427389788068,0.008,0.257182973421927,0.19182872175745191,-0.0002500000000000002
transformer,44,loo_sample_XMV_02_B20_D03,loo_sample,2.0,25,20,0.8219460248947144,0.6688287375415283,0.7666507734845804,0.00825,0.6,214.2,transformer|S44|F25|XMV02|B20|D03,20.0,3,0.9261860257475084,0.9588427389788068,0.008,0.25735728820598014,0.19219196549422635,0.0002500000000000002
transformer,44,loo_sample_XMV_02_B20_D10,loo_sample,2.0,25,20,0.8211668729782104,0.6685601121262459,0.7665215917929133,0.0085,0.6,214.2,transformer|S44|F25|XMV02|B20|D10,20.0,10,0.9261860257475084,0.9588427389788068,0.008,0.2576259136212625,0.19232114718589344,0.0005000000000000004
transformer,45,loo_sample_XMV_10_B05_D01,loo_sample,10.0,4,20,0.8204947113990784,0.517119684385382,0.6269258099137774,0.0125,1.0,2.0,transformer|S45|F4|XMV10|B05|D01,5.0,1,0.6422890988372093,0.7317337027256315,0.012,0.12516941445182728,0.1048078928118541,0.0005000000000000004
transformer,45,loo_sample_XMV_10_B05_D03,loo_sample,10.0,4,20,0.8204130530357361,0.5171150955149502,0.6269329602364861,0.0125,1.0,2.0,transformer|S45|F4|XMV10|B05|D03,5.0,3,0.6422890988372093,0.7317337027256315,0.012,0.12517400332225914,0.1048007424891454,0.0005000000000000004
transformer,45,loo_sample_XMV_10_B05_D10,loo_sample,10.0,4,20,0.8205041885375977,0.5171237956810631,0.6269513387538603,0.0125,1.0,2.0,transformer|S45|F4|XMV10|B05|D10,5.0,10,0.6422890988372093,0.7317337027256315,0.012,0.12516530315614616,0.10478236397177121,0.0005000000000000004
transformer,45,loo_sample_XMV_10_B10_D01,loo_sample,10.0,4,20,0.8203279376029968,0.5171365240863788,0.6270044230254636,0.0125,1.0,2.0,transformer|S45|F4|XMV10|B10|D01,10.0,1,0.6422890988372093,0.7317337027256315,0.012,0.12515257475083053,0.10472927970016799,0.0005000000000000004
transformer,45,loo_sample_XMV_10_B10_D03,loo_sample,10.0,4,20,0.8203956484794617,0.5171398878737542,0.6269714048085341,0.0125,1.0,2.0,transformer|S45|F4|XMV10|B10|D03,10.0,3,0.6422890988372093,0.7317337027256315,0.012,0.1251492109634551,0.10476229791709746,0.0005000000000000004
transformer,45,loo_sample_XMV_10_B10_D10,loo_sample,10.0,4,20,0.8203694224357605,0.5171155523255814,0.6269508119619968,0.0125,1.0,2.0,transformer|S45|F4|XMV10|B10|D10,10.0,10,0.6422890988372093,0.7317337027256315,0.012,0.12517354651162793,0.10478289076363478,0.0005000000000000004
transformer,45,loo_sample_XMV_10_B20_D01,loo_sample,10.0,4,20,0.8206295371055603,0.5171299418604651,0.6269859386260999,0.0125,1.0,2.0,transformer|S45|F4|XMV10|B20|D01,20.0,1,0.6422890988372093,0.7317337027256315,0.012,0.12515915697674418,0.10474776409953168,0.0005000000000000004
transformer,45,loo_sample_XMV_10_B20_D03,loo_sample,10.0,4,20,0.8206251859664917,0.5171372300664452,0.6269643337682673,0.0125,1.0,2.0,transformer|S45|F4|XMV10|B20|D03,20.0,3,0.6422890988372093,0.7317337027256315,0.012,0.12515186877076412,0.10476936895736422,0.0005000000000000004
transformer,45,loo_sample_XMV_10_B20_D10,loo_sample,10.0,4,20,0.8203747868537903,0.5171315199335548,0.6269661191891015,0.0125,1.0,2.0,transformer|S45|F4|XMV10|B20|D10,20.0,10,0.6422890988372093,0.7317337027256315,0.012,0.12515757890365453,0.10476758353653004,0.0005000000000000004
transformer,45,loo_sample_XMV_07_B05_D01,loo_sample,7.0,19,20,0.8214275240898132,0.7868855274086378,0.8648308026205603,0.009,1.0,66.9,transformer|S45|F19|XMV07|B05|D01,5.0,1,0.9144980066445184,0.9523183048082596,0.0085,0.1276124792358806,0.0874875021876993,0.0004999999999999987
transformer,45,loo_sample_XMV_07_B05_D03,loo_sample,7.0,19,20,0.8212085366249084,0.7869909260797342,0.8649609404456485,0.009,1.0,66.9,transformer|S45|F19|XMV07|B05|D03,5.0,3,0.9144980066445184,0.9523183048082596,0.0085,0.12750708056478421,0.0873573643626111,0.0004999999999999987
transformer,45,loo_sample_XMV_07_B05_D10,loo_sample,7.0,19,20,0.8209252953529358,0.786999065614618,0.8649481965540983,0.009,1.0,66.9,transformer|S45|F19|XMV07|B05|D10,5.0,10,0.9144980066445184,0.9523183048082596,0.0085,0.12749894102990045,0.08737010825416136,0.0004999999999999987
transformer,45,loo_sample_XMV_07_B10_D01,loo_sample,7.0,19,20,0.8212571144104004,0.7870105481727575,0.8649741657942273,0.00775,1.0,66.4,transformer|S45|F19|XMV07|B10|D01,10.0,1,0.9144980066445184,0.9523183048082596,0.0085,0.1274874584717609,0.08734413901403237,-0.0007500000000000007
transformer,45,loo_sample_XMV_07_B10_D03,loo_sample,7.0,19,20,0.8208966255187988,0.7871380813953488,0.865052266528505,0.009,1.0,66.9,transformer|S45|F19|XMV07|B10|D03,10.0,3,0.9144980066445184,0.9523183048082596,0.0085,0.12735992524916961,0.08726603827975465,0.0004999999999999987
transformer,45,loo_sample_XMV_07_B10_D10,loo_sample,7.0,19,20,0.8210634589195251,0.7870496677740864,0.8649747981679854,0.009,1.0,66.9,transformer|S45|F19|XMV07|B10|D10,10.0,10,0.9144980066445184,0.9523183048082596,0.0085,0.12744833887043205,0.08734350664027424,0.0004999999999999987
transformer,45,loo_sample_XMV_07_B20_D01,loo_sample,7.0,19,20,0.8214752078056335,0.7871511212624585,0.8650392375931876,0.00925,1.0,66.4,transformer|S45|F19|XMV07|B20|D01,20.0,1,0.9144980066445184,0.9523183048082596,0.0085,0.12734688538205996,0.08727906721507206,0.0007499999999999989
transformer,45,loo_sample_XMV_07_B20_D03,loo_sample,7.0,19,20,0.8208074569702148,0.7870606104651163,0.8649599213929485,0.00925,1.0,66.4,transformer|S45|F19|XMV07|B20|D03,20.0,3,0.9144980066445184,0.9523183048082596,0.0085,0.12743739617940208,0.0873583834153111,0.0007499999999999989
transformer,45,loo_sample_XMV_07_B20_D10,loo_sample,7.0,19,20,0.8209088444709778,0.7869903446843853,0.8649221165360634,0.009,1.0,66.9,transformer|S45|F19|XMV07|B20|D10,20.0,10,0.9144980066445184,0.9523183048082596,0.0085,0.12750766196013308,0.0873961882721962,0.0004999999999999987
transformer,45,loo_sample_XMV_08_B05_D01,loo_sample,8.0,19,20,0.8207495212554932,0.8514923588039867,0.914993381360296,0.00825,1.0,35.8,transformer|S45|F19|XMV08|B05|D01,5.0,1,0.9144980066445184,0.9523183048082596,0.0085,0.06300564784053175,0.037324923447963676,-0.0002500000000000002
transformer,45,loo_sample_XMV_08_B05_D03,loo_sample,8.0,19,20,0.8208519816398621,0.8514654069767442,0.9149842525166542,0.0085,1.0,35.8,transformer|S45|F19|XMV08|B05|D03,5.0,3,0.9144980066445184,0.9523183048082596,0.0085,0.06303259966777419,0.03733405229160547,0.0
transformer,45,loo_sample_XMV_08_B05_D10,loo_sample,8.0,19,20,0.8208841681480408,0.851464950166113,0.9149823731611124,0.0085,1.0,35.8,transformer|S45|F19|XMV08|B05|D10,5.0,10,0.9144980066445184,0.9523183048082596,0.0085,0.0630330564784054,0.037335931647147214,0.0
transformer,45,loo_sample_XMV_08_B10_D01,loo_sample,8.0,19,20,0.8204013705253601,0.8514091985049834,0.914943806437579,0.00875,1.0,35.6,transformer|S45|F19|XMV08|B10|D01,10.0,1,0.9144980066445184,0.9523183048082596,0.0085,0.06308880813953499,0.03737449837068063,0.0002500000000000002
transformer,45,loo_sample_XMV_08_B10_D03,loo_sample,8.0,19,20,0.8205036520957947,0.8514438122923588,0.9149682034295112,0.0085,1.0,35.6,transformer|S45|F19|XMV08|B10|D03,10.0,3,0.9144980066445184,0.9523183048082596,0.0085,0.06305419435215964,0.03735010137874839,0.0
transformer,45,loo_sample_XMV_08_B10_D10,loo_sample,8.0,19,20,0.8208586573600769,0.8514609634551495,0.914981410504485,0.0085,1.0,35.6,transformer|S45|F19|XMV08|B10|D10,10.0,10,0.9144980066445184,0.9523183048082596,0.0085,0.06303704318936887,0.037336894303774626,0.0
transformer,45,loo_sample_XMV_08_B20_D01,loo_sample,8.0,19,20,0.8207606673240662,0.8514565822259136,0.9149764012785604,0.00825,1.0,35.6,transformer|S45|F19|XMV08|B20|D01,20.0,1,0.9144980066445184,0.9523183048082596,0.0085,0.06304142441860483,0.03734190352969924,-0.0002500000000000002
transformer,45,loo_sample_XMV_08_B20_D03,loo_sample,8.0,19,20,0.8209437131881714,0.8514599875415282,0.91499143309653,0.00825,1.0,35.8,transformer|S45|F19|XMV08|B20|D03,20.0,3,0.9144980066445184,0.9523183048082596,0.0085,0.06303801910299023,0.03732687171172966,-0.0002500000000000002
transformer,45,loo_sample_XMV_08_B20_D10,loo_sample,8.0,19,20,0.8209049105644226,0.8514622093023256,0.9149817497230076,0.00825,1.0,35.8,transformer|S45|F19|XMV08|B20|D10,20.0,10,0.9144980066445184,0.9523183048082596,0.0085,0.06303579734219278,0.03733655508525202,-0.0002500000000000002
transformer,45,loo_sample_XMV_02_B05_D01,loo_sample,2.0,25,20,0.8212693929672241,0.6709703280730897,0.7691701452627903,0.00925,0.75,203.7,transformer|S45|F25|XMV02|B05|D01,5.0,1,0.9250972799003322,0.9591151727299128,0.009,0.25412695182724254,0.1899450274671225,0.0002500000000000002
transformer,45,loo_sample_XMV_02_B05_D03,loo_sample,2.0,25,20,0.8211416602134705,0.6710068729235881,0.7693459681473738,0.009,0.7,207.7,transformer|S45|F25|XMV02|B05|D03,5.0,3,0.9250972799003322,0.9591151727299128,0.009,0.2540904069767441,0.189769204582539,0.0
transformer,45,loo_sample_XMV_02_B05_D10,loo_sample,2.0,25,20,0.8211533427238464,0.6711697882059801,0.7694841647071492,0.00925,0.75,207.4,transformer|S45|F25|XMV02|B05|D10,5.0,10,0.9250972799003322,0.9591151727299128,0.009,0.25392749169435214,0.18963100802276356,0.0002500000000000002
transformer,45,loo_sample_XMV_02_B10_D01,loo_sample,2.0,25,20,0.8217428922653198,0.6707667981727575,0.7692052505124395,0.0095,0.7,210.2,transformer|S45|F25|XMV02|B10|D01,10.0,1,0.9250972799003322,0.9591151727299128,0.009,0.25433048172757466,0.18990992221747327,0.0005000000000000004
transformer,45,loo_sample_XMV_02_B10_D03,loo_sample,2.0,25,20,0.8214731812477112,0.6709309177740864,0.7693690125391941,0.009,0.75,207.4,transformer|S45|F25|XMV02|B10|D03,10.0,3,0.9250972799003322,0.9591151727299128,0.009,0.25416636212624577,0.18974616019071866,0.0
transformer,45,loo_sample_XMV_02_B10_D10,loo_sample,2.0,25,20,0.8216585516929626,0.6713308970099667,0.7697600145277314,0.00925,0.75,206.9,transformer|S45|F25|XMV02|B10|D10,10.0,10,0.9250972799003322,0.9591151727299128,0.009,0.25376638289036546,0.1893551582021814,0.0002500000000000002
transformer,45,loo_sample_XMV_02_B20_D01,loo_sample,2.0,25,20,0.8208596110343933,0.6719086586378737,0.7701997509814192,0.009,0.75,206.9,transformer|S45|F25|XMV02|B20|D01,20.0,1,0.9250972799003322,0.9591151727299128,0.009,0.25318862126245845,0.18891542174849352,0.0
transformer,45,loo_sample_XMV_02_B20_D03,loo_sample,2.0,25,20,0.8209975957870483,0.671711150332226,0.7698819504081985,0.0095,0.7,207.7,transformer|S45|F25|XMV02|B20|D03,20.0,3,0.9250972799003322,0.9591151727299128,0.009,0.25338612956810624,0.18923322232171425,0.0005000000000000004
transformer,45,loo_sample_XMV_02_B20_D10,loo_sample,2.0,25,20,0.8212447762489319,0.6713700373754152,0.769636947377,0.0095,0.75,207.4,transformer|S45|F25|XMV02|B20|D10,20.0,10,0.9250972799003322,0.9591151727299128,0.009,0.25372724252491696,0.1894782253529128,0.0005000000000000004
transformer,46,loo_sample_XMV_10_B05_D01,loo_sample,10.0,4,20,0.8265336155891418,0.5153682516611295,0.6240826791313342,0.01325,1.0,2.0,transformer|S46|F4|XMV10|B05|D01,5.0,1,0.6176621677740863,0.7159291397381827,0.013,0.1022939161129568,0.09184646060684853,0.0002500000000000002
transformer,46,loo_sample_XMV_10_B05_D03,loo_sample,10.0,4,20,0.826230525970459,0.5153836586378737,0.6240979611285883,0.01325,1.0,2.0,transformer|S46|F4|XMV10|B05|D03,5.0,3,0.6176621677740863,0.7159291397381827,0.013,0.10227850913621261,0.09183117860959444,0.0002500000000000002
transformer,46,loo_sample_XMV_10_B05_D10,loo_sample,10.0,4,20,0.8263640403747559,0.5153849252491695,0.6240953723659468,0.01325,1.0,2.0,transformer|S46|F4|XMV10|B05|D10,5.0,10,0.6176621677740863,0.7159291397381827,0.013,0.10227724252491688,0.09183376737223592,0.0002500000000000002
transformer,46,loo_sample_XMV_10_B10_D01,loo_sample,10.0,4,20,0.8260474801063538,0.5154032599667774,0.6241152668791453,0.01325,1.0,2.0,transformer|S46|F4|XMV10|B10|D01,10.0,1,0.6176621677740863,0.7159291397381827,0.013,0.10225890780730895,0.09181387285903742,0.0002500000000000002
transformer,46,loo_sample_XMV_10_B10_D03,loo_sample,10.0,4,20,0.8262199759483337,0.5154026370431893,0.6241276056046632,0.01325,1.0,2.0,transformer|S46|F4|XMV10|B10|D03,10.0,3,0.6176621677740863,0.7159291397381827,0.013,0.102259530730897,0.09180153413351955,0.0002500000000000002
transformer,46,loo_sample_XMV_10_B10_D10,loo_sample,10.0,4,20,0.8263653516769409,0.5154037375415282,0.6241109395658292,0.01325,1.0,2.0,transformer|S46|F4|XMV10|B10|D10,10.0,10,0.6176621677740863,0.7159291397381827,0.013,0.1022584302325581,0.09181820017235354,0.0002500000000000002
transformer,46,loo_sample_XMV_10_B20_D01,loo_sample,10.0,4,20,0.8262260556221008,0.5154307101328903,0.6241455357422635,0.01325,1.0,2.0,transformer|S46|F4|XMV10|B20|D01,20.0,1,0.6176621677740863,0.7159291397381827,0.013,0.10223145764119601,0.09178360399591923,0.0002500000000000002
transformer,46,loo_sample_XMV_10_B20_D03,loo_sample,10.0,4,20,0.8263919353485107,0.5154269518272425,0.6241250821303382,0.01325,1.0,2.0,transformer|S46|F4|XMV10|B20|D03,20.0,3,0.6176621677740863,0.7159291397381827,0.013,0.10223521594684382,0.09180405760784449,0.0002500000000000002
transformer,46,loo_sample_XMV_10_B20_D10,loo_sample,10.0,4,20,0.8262056112289429,0.5154252906976744,0.6241175894077339,0.01325,1.0,2.0,transformer|S46|F4|XMV10|B20|D10,20.0,10,0.6176621677740863,0.7159291397381827,0.013,0.10223687707641194,0.09181155033044885,0.0002500000000000002
transformer,46,loo_sample_XMV_07_B05_D01,loo_sample,7.0,19,20,0.8270124793052673,0.774180107973422,0.8543526673889528,0.01075,1.0,67.3,transformer|S46|F19|XMV07|B05|D01,5.0,1,0.8935058970099667,0.9372996473843238,0.01075,0.11932578903654478,0.08294697999537104,0.0
transformer,46,loo_sample_XMV_07_B05_D03,loo_sample,7.0,19,20,0.826948881149292,0.774234738372093,0.8544217467138246,0.011,1.0,67.1,transformer|S46|F19|XMV07|B05|D03,5.0,3,0.8935058970099667,0.9372996473843238,0.01075,0.11927115863787374,0.08287790067049916,0.0002500000000000002
transformer,46,loo_sample_XMV_07_B05_D10,loo_sample,7.0,19,20,0.826988160610199,0.774197134551495,0.8543775260724698,0.01075,1.0,67.1,transformer|S46|F19|XMV07|B05|D10,5.0,10,0.8935058970099667,0.9372996473843238,0.01075,0.11930876245847177,0.08292212131185406,0.0
transformer,46,loo_sample_XMV_07_B10_D01,loo_sample,7.0,19,20,0.8274526000022888,0.7738513496677741,0.8541793766148608,0.011,1.0,67.1,transformer|S46|F19|XMV07|B10|D01,10.0,1,0.8935058970099667,0.9372996473843238,0.01075,0.11965454734219261,0.08312027076946304,0.0002500000000000002
transformer,46,loo_sample_XMV_07_B10_D03,loo_sample,7.0,19,20,0.8271563649177551,0.7741880398671096,0.8543924498339566,0.0105,1.0,67.1,transformer|S46|F19|XMV07|B10|D03,10.0,3,0.8935058970099667,0.9372996473843238,0.01075,0.11931785714285714,0.08290719755036724,-0.0002499999999999985
transformer,46,loo_sample_XMV_07_B10_D10,loo_sample,7.0,19,20,0.8270493149757385,0.7741864202657808,0.8543764480058281,0.0105,1.0,67.1,transformer|S46|F19|XMV07|B10|D10,10.0,10,0.8935058970099667,0.9372996473843238,0.01075,0.11931947674418597,0.08292319937849568,-0.0002499999999999985
transformer,46,loo_sample_XMV_07_B20_D01,loo_sample,7.0,19,20,0.8272112011909485,0.774330315614618,0.8544407896000232,0.011,1.0,67.3,transformer|S46|F19|XMV07|B20|D01,20.0,1,0.8935058970099667,0.9372996473843238,0.01075,0.11917558139534878,0.08285885778430058,0.0002500000000000002
transformer,46,loo_sample_XMV_07_B20_D03,loo_sample,7.0,19,20,0.8273242712020874,0.7741872715946844,0.8543376671115295,0.011,1.0,67.1,transformer|S46|F19|XMV07|B20|D03,20.0,3,0.8935058970099667,0.9372996473843238,0.01075,0.11931862541528238,0.08296198027279433,0.0002500000000000002
transformer,46,loo_sample_XMV_07_B20_D10,loo_sample,7.0,19,20,0.8269286751747131,0.7741061877076412,0.8543040066582357,0.011,1.0,67.1,transformer|S46|F19|XMV07|B20|D10,20.0,10,0.8935058970099667,0.9372996473843238,0.01075,0.11939970930232557,0.08299564072608812,0.0002500000000000002
transformer,46,loo_sample_XMV_08_B05_D01,loo_sample,8.0,19,20,0.8270216584205627,0.8359631021594685,0.9009944161917738,0.01,1.0,40.35,transformer|S46|F19|XMV08|B05|D01,5.0,1,0.8935058970099667,0.9372996473843238,0.01075,0.05754279485049829,0.036305231192550025,-0.0007499999999999989
transformer,46,loo_sample_XMV_08_B05_D03,loo_sample,8.0,19,20,0.8268251419067383,0.8359282184385382,0.900979245507381,0.01025,1.0,40.35,transformer|S46|F19|XMV08|B05|D03,5.0,3,0.8935058970099667,0.9372996473843238,0.01075,0.05757767857142859,0.036320401876942854,-0.0004999999999999987
transformer,46,loo_sample_XMV_08_B05_D10,loo_sample,8.0,19,20,0.8264672756195068,0.8359052948504984,0.9009744193788366,0.01025,1.0,40.35,transformer|S46|F19|XMV08|B05|D10,5.0,10,0.8935058970099667,0.9372996473843238,0.01075,0.057600602159468384,0.03632522800548721,-0.0004999999999999987
transformer,46,loo_sample_XMV_08_B10_D01,loo_sample,8.0,19,20,0.8268197774887085,0.8358842400332226,0.9009556495429188,0.0105,1.0,40.35,transformer|S46|F19|XMV08|B10|D01,10.0,1,0.8935058970099667,0.9372996473843238,0.01075,0.05762165697674415,0.03634399784140496,-0.0002499999999999985
transformer,46,loo_sample_XMV_08_B10_D03,loo_sample,8.0,19,20,0.8264775276184082,0.8359050872093023,0.9009696474766724,0.0105,1.0,40.35,transformer|S46|F19|XMV08|B10|D03,10.0,3,0.8935058970099667,0.9372996473843238,0.01075,0.0576008098006644,0.0363299999076514,-0.0002499999999999985
transformer,46,loo_sample_XMV_08_B10_D10,loo_sample,8.0,19,20,0.8264173865318298,0.8358849875415283,0.9009637384909904,0.0105,1.0,40.35,transformer|S46|F19|XMV08|B10|D10,10.0,10,0.8935058970099667,0.9372996473843238,0.01075,0.05762090946843845,0.03633590889333338,-0.0002499999999999985
transformer,46,loo_sample_XMV_08_B20_D01,loo_sample,8.0,19,20,0.8264027237892151,0.8358981519933555,0.9009754912603316,0.01075,1.0,40.35,transformer|S46|F19|XMV08|B20|D01,20.0,1,0.8935058970099667,0.9372996473843238,0.01075,0.057607745016611256,0.0363241561239922,0.0
transformer,46,loo_sample_XMV_08_B20_D03,loo_sample,8.0,19,20,0.826543927192688,0.8359289244186047,0.9009975879047972,0.01025,1.0,40.35,transformer|S46|F19|XMV08|B20|D03,20.0,3,0.8935058970099667,0.9372996473843238,0.01075,0.057576972591362074,0.03630205947952658,-0.0004999999999999987
transformer,46,loo_sample_XMV_08_B20_D10,loo_sample,8.0,19,20,0.8266458511352539,0.8358983388704319,0.9009674858064468,0.01025,1.0,40.35,transformer|S46|F19|XMV08|B20|D10,20.0,10,0.8935058970099667,0.9372996473843238,0.01075,0.05760755813953489,0.036332161577877,-0.0004999999999999987
transformer,46,loo_sample_XMV_02_B05_D01,loo_sample,2.0,25,20,0.827451229095459,0.6608618147840531,0.7588883394114029,0.00875,0.65,214.75,transformer|S46|F25|XMV02|B05|D01,5.0,1,0.93445469269103,0.9636494790195484,0.008,0.27359287790697684,0.20476113960814557,0.0007500000000000007
transformer,46,loo_sample_XMV_02_B05_D03,loo_sample,2.0,25,20,0.8276485800743103,0.6607790697674418,0.7589795446820649,0.00875,0.65,214.75,transformer|S46|F25|XMV02|B05|D03,5.0,3,0.93445469269103,0.9636494790195484,0.008,0.27367562292358816,0.2046699343374836,0.0007500000000000007
transformer,46,loo_sample_XMV_02_B05_D10,loo_sample,2.0,25,20,0.8276162147521973,0.6609583264119602,0.7591513908401863,0.0085,0.65,214.75,transformer|S46|F25|XMV02|B05|D10,5.0,10,0.93445469269103,0.9636494790195484,0.008,0.2734963662790698,0.2044980881793621,0.0005000000000000004
transformer,46,loo_sample_XMV_02_B10_D01,loo_sample,2.0,25,20,0.8280442953109741,0.6604668397009967,0.7587548890296447,0.008,0.55,228.65,transformer|S46|F25|XMV02|B10|D01,10.0,1,0.93445469269103,0.9636494790195484,0.008,0.27398785299003325,0.20489458998990373,0.0
transformer,46,loo_sample_XMV_02_B10_D03,loo_sample,2.0,25,20,0.8279459476470947,0.6606915282392026,0.7589526090157906,0.009,0.65,212.25,transformer|S46|F25|XMV02|B10|D03,10.0,3,0.93445469269103,0.9636494790195484,0.008,0.27376316445182736,0.2046968700037578,0.0009999999999999992
transformer,46,loo_sample_XMV_02_B10_D10,loo_sample,2.0,25,20,0.8277407288551331,0.661021926910299,0.7593392343950576,0.0085,0.65,214.75,transformer|S46|F25|XMV02|B10|D10,10.0,10,0.93445469269103,0.9636494790195484,0.008,0.27343276578073095,0.20431024462449088,0.0005000000000000004
transformer,46,loo_sample_XMV_02_B20_D01,loo_sample,2.0,25,20,0.828456699848175,0.6615624377076412,0.7597650337313545,0.008,0.55,219.1,transformer|S46|F25|XMV02|B20|D01,20.0,1,0.93445469269103,0.9636494790195484,0.008,0.27289225498338876,0.20388444528819394,0.0
transformer,46,loo_sample_XMV_02_B20_D03,loo_sample,2.0,25,20,0.8284190893173218,0.6613134759136212,0.759452123486498,0.00825,0.6,215.05,transformer|S46|F25|XMV02|B20|D03,20.0,3,0.93445469269103,0.9636494790195484,0.008,0.27314121677740877,0.2041973555330504,0.0002500000000000002
transformer,46,loo_sample_XMV_02_B20_D10,loo_sample,2.0,25,20,0.8279703259468079,0.6611023048172757,0.7592563652531606,0.009,0.65,212.25,transformer|S46|F25|XMV02|B20|D10,20.0,10,0.93445469269103,0.9636494790195484,0.008,0.27335238787375427,0.2043931137663878,0.0009999999999999992
