architecture,variant,seed,fault_id,auroc,auprc,detected_run_ratio,missed_run_ratio,detection_delay_detected_only,censored_delay_mean,prefault_sample_fpr,prefault_run_alarm_rate
transformer,F1,47,1,0.9989134734750283,0.9996263399655325,1.0,0.0,6.7,6.7,0.009412780656303972,0.0
transformer,F1,47,2,0.9976889965100182,0.9991942943832987,1.0,0.0,15.7,15.7,0.009930915371329879,0.0
transformer,F1,47,3,0.5376482286893521,0.7321449407717006,0.0,1.0,,1401.0,0.01070811744386874,0.0
transformer,F1,47,4,0.5603434876889072,0.7581010520394365,1.0,0.0,4.0,4.0,0.009758203799654577,0.0
transformer,F1,47,5,0.4951355434497195,0.7049854034791879,0.0,1.0,,1401.0,0.009153713298791019,0.0
transformer,F1,47,6,0.9995619894006131,0.9998566145783161,1.0,0.0,3.0,3.0,0.009844559585492229,0.0
transformer,F1,47,7,0.9992921414385727,0.9997622244521471,1.0,0.0,4.0,4.0,0.01079447322970639,0.0
transformer,F1,47,8,0.9919669672168535,0.9972616483745955,1.0,0.0,26.95,26.95,0.009758203799654577,0.0
transformer,F1,47,9,0.5419645818000712,0.7376347207165176,0.0,1.0,,1401.0,0.01070811744386874,0.0
transformer,F1,47,10,0.971469583162286,0.9898512159149891,1.0,0.0,43.3,43.3,0.009844559585492229,0.0
transformer,F1,47,11,0.9326626644673986,0.9742485171516492,1.0,0.0,12.6,12.6,0.00924006908462867,0.0
transformer,F1,47,12,0.7857894188582298,0.9086259641284378,1.0,0.0,26.85,26.85,0.01001727115716753,0.0
transformer,F1,47,13,0.9887965294959559,0.9962916254110858,1.0,0.0,36.4,36.4,0.010276338514680483,0.0
transformer,F1,47,14,0.9901926701751401,0.9960934368944455,1.0,0.0,6.35,6.35,0.010449050086355785,0.0
transformer,F1,47,15,0.5162924829168408,0.7191528314802395,0.0,1.0,,1401.0,0.010621761658031088,0.0
transformer,F1,47,16,0.5120515385630052,0.7176982474839526,0.0,1.0,,1401.0,0.009412780656303972,0.0
transformer,F1,47,17,0.9891498732092423,0.996376010691655,1.0,0.0,33.7,33.7,0.009758203799654577,0.0
transformer,F1,47,18,0.9431657100344067,0.9784796687428414,1.0,0.0,60.6,60.6,0.010449050086355785,0.0
transformer,F1,47,19,0.9525166516884682,0.9813790588882377,1.0,0.0,36.8,36.8,0.010967184801381693,0.0
transformer,F1,47,20,0.9859325130458259,0.9952411414333676,1.0,0.0,43.45,43.45,0.010189982728842832,0.0
transformer,F1,47,21,0.5017821066620315,0.7082001958923795,0.0,1.0,,1401.0,0.009930915371329879,0.0
transformer,F1,47,22,0.559156175763919,0.750961980137642,0.0,1.0,,1401.0,0.009930915371329879,0.0
transformer,F1,47,23,0.542946353394257,0.7391026643393108,0.0,1.0,,1401.0,0.008290155440414507,0.0
transformer,F1,47,24,0.9831403025719354,0.9938439648687676,1.0,0.0,16.75,16.75,0.008635578583765112,0.0
transformer,F1,47,25,0.9639632590340727,0.9866741690324943,1.0,0.0,22.25,22.25,0.009844559585492229,0.0
transformer,F1,47,26,0.9529510410156081,0.9825981032463024,1.0,0.0,30.6,30.6,0.011139896373056995,0.0
transformer,F1,47,27,0.7634296838305725,0.8942722258546203,1.0,0.0,30.0,30.0,0.008808290155440414,0.0
transformer,F1,47,28,0.5605350175485312,0.7604255226775984,0.0,1.0,,1401.0,0.00854922279792746,0.0
