epoch,train_mse,validation_mse,best_epoch,elapsed_seconds
1,0.8093336801048254,0.7730912424324096,1,26.866935400059447
2,0.7474107842391333,0.7223498017742859,2,52.618561200099066
3,0.7142494371176975,0.7067949857884736,3,78.81815200007986
4,0.7013688088352205,0.6945527713768948,4,111.19297120010015
5,0.689357666001546,0.6832527521710637,5,144.69581629999448
6,0.681150428650808,0.6788160034636098,6,179.3172645000741
7,0.6772424552535214,0.6749934735164651,7,217.1445698000025
8,0.6745833004726213,0.6724840194305786,8,253.87555330002215
9,0.6718327795396163,0.6684112441024419,9,283.0427046000259
10,0.6678491271576737,0.6627730131435451,10,316.9653933000518
11,0.6608458687538821,0.6562209668386711,11,351.4438862000825
12,0.654757706613424,0.6567349911558139,11,386.65678990003653
13,0.6521137828546747,0.649038958436597,13,420.6060866001062
14,0.6496510968576642,0.6491422213173206,13,453.2198613000801
15,0.6446558646113347,0.6446902313441092,15,488.594854200026
16,0.6410833617981747,0.6379434267113314,16,519.0381166000152
17,0.6370823386531071,0.6343926770939634,17,547.803633500007
18,0.6302313611751309,0.6282467521014886,18,583.3811152999988
19,0.6274400332810948,0.6267046531356527,19,617.3714123000391
20,0.6231678865612211,0.6218313927932205,20,645.3303090000991
21,0.6190722438423732,0.6174614278572969,21,671.8254456000868
22,0.6168684006946108,0.6192055274373053,21,699.1223762000445
23,0.6150668574879854,0.6150683679482388,23,725.5282237000065
24,0.6129070358456976,0.6140980674977463,24,751.119322600076
25,0.609092125208599,0.6091706634168743,25,778.334692100063
26,0.606624001785424,0.6075019138823421,26,805.3082172001014
27,0.6053672268466739,0.6037845818716324,27,832.8363086000318
28,0.604519655677478,0.6030870639646493,28,861.1191110000946
29,0.6033307726689676,0.6017517676506801,29,890.1999996000668
30,0.6025117475738321,0.6006001127855082,30,919.030161700095
31,0.6014297673000424,0.6003677460178757,31,945.3157747000223
32,0.6002870642566481,0.5995125350002588,32,972.0030254001031
33,0.5971642481438124,0.595614145541475,33,999.4986163000576
34,0.5939873488774913,0.5924107513413305,34,1027.5659476000583
35,0.5909015665010235,0.5880285250449738,35,1054.9894025000976
36,0.5866221596403262,0.5871475126463176,36,1082.3088251000736
37,0.5847710926000161,0.5853752392961457,37,1108.7784513001097
38,0.5834847003390389,0.5843311497201436,38,1135.3325511000585
39,0.5826951202761761,0.582648412259337,39,1162.6805920000188
40,0.5819222610671592,0.581724053405676,40,1190.4444531000918
41,0.5813445773296771,0.5803525361841827,41,1219.2880655000918
42,0.5809173911249961,0.5806909156733774,41,1248.1769901000662
43,0.5804803833618756,0.5802325136148716,43,1275.3603141000494
44,0.5800309298893889,0.5777751882954527,44,1302.5196438001003
45,0.5798959238401925,0.5785477551328758,44,1329.5697459001094
46,0.5795769031780924,0.5784640757318685,44,1356.628033200046
47,0.5792272442353508,0.5796981263153594,44,1383.9409167000558
48,0.5791069130523504,0.5792848756122847,44,1412.5986212000716
49,0.5789173728773355,0.5777837115034137,44,1442.169075800106
50,0.5786003609966457,0.5783173590364135,44,1471.490823600092
