source_column,dtype,min,max,mean,std,missing_count,unique_count,is_constant
xmeas_1,float64,-0.0045615863263607,1.0206375263615397,0.2799741087428234,0.08583465639758006,0.0,5594878.0,False
xmeas_2,float64,3445.1194426407915,3875.0357240052,3655.604246529293,20.9693172671178,0.0,5597301.0,False
xmeas_3,float64,4219.185083228972,4735.965770280868,4444.460079762377,28.669239509981058,0.0,5597301.0,False
xmeas_4,float64,8.304576448195908,10.171395636843556,9.225342819505123,0.10439168813248033,0.0,5597301.0,False
xmeas_5,float64,28.082213439934343,35.52876336860911,32.104340118037534,0.40560420020569576,0.0,5597301.0,False
xmeas_6,float64,43.26576161823736,51.02711692763117,47.29379773134303,0.39875018262236145,0.0,5597300.0,False
xmeas_7,float64,2514.15710881483,2937.9262609059983,2799.079431139909,10.276392664525217,0.0,5597299.0,False
xmeas_8,float64,60.08266595497816,69.0059150466271,65.00046446090137,0.5469999523508906,0.0,5597301.0,False
xmeas_9,float64,121.85877357722762,123.79325941063648,122.90002611452542,0.048945775115713006,0.0,5597292.0,False
xmeas_10,float64,-0.0052289062728458,0.8866777043593077,0.21582266324831656,0.06033399627535228,0.0,5597301.0,False
xmeas_11,float64,86.2627689342984,96.66098173550895,91.67614786017698,0.45922028039570273,0.0,5597299.0,False
xmeas_12,float64,28.59984936373492,71.37254555274376,49.99912368815603,1.3960674590299604,0.0,5597301.0,False
xmeas_13,float64,2427.027041330133,2841.4024961738537,2704.356565910922,10.524989811311197,0.0,5597300.0,False
xmeas_14,float64,23.25219421592196,28.38937385808196,25.286435939945036,0.22258272796444165,0.0,5597301.0,False
xmeas_15,float64,-7.008627823564763,99.13758035627184,49.982329420564845,3.0363593722754,0.0,5597301.0,False
xmeas_16,float64,2998.724884976266,3483.8169873484635,3324.317259583871,12.069135703157789,0.0,5597301.0,False
xmeas_17,float64,21.612806583375857,24.19873802821481,22.889686844931223,0.13048840456060257,0.0,5597301.0,False
xmeas_18,float64,59.80954355913242,69.88600195159228,66.52320713140612,0.5015022964130471,0.0,5597300.0,False
xmeas_19,float64,-0.7513530815613128,10.041097961979045,4.743088404159952,1.1557842638191065,0.0,5597301.0,False
xmeas_20,float64,244.2991252960828,309.99781841381355,278.359845009941,3.05888331633342,0.0,5597301.0,False
xmeas_21,float64,91.2788353360972,103.7678742776863,102.38101496078006,0.6949516660679369,0.0,5597295.0,False
xmeas_22,float64,80.63394263817808,98.58076775869075,91.81971978007229,1.0396775472045316,0.0,5597299.0,False
xmeas_23,float64,24.06561046118232,39.935466602663695,32.12462674364044,0.6528161343284035,0.0,2797201.0,False
xmeas_24,float64,9.87555980930235,17.536214517237944,14.926735565089714,0.35028110260304984,0.0,2797201.0,False
xmeas_25,float64,11.017176576576087,29.49445905047413,18.80484877525217,0.5424120631068928,0.0,2797200.0,False
xmeas_26,float64,5.318815011085572,6.9881741772214365,6.038834364897918,0.11795695852874759,0.0,2797201.0,False
xmeas_27,float64,12.920285644350342,24.30378724714889,16.773504199976298,0.5044514745665595,0.0,2797201.0,False
xmeas_28,float64,2.6561877476132945,5.064700201838296,4.0216698636376345,0.1979151798720347,0.0,2797201.0,False
xmeas_29,float64,20.91979360651763,43.51683010844362,32.60408628886802,0.9037611378813823,0.0,2797201.0,False
xmeas_30,float64,14.700052526321311,25.3994905583834,21.84292031513928,0.5090935921277808,0.0,2797201.0,False
xmeas_31,float64,2.744455310165171,28.210753681971205,13.176017561116387,0.7344004600043933,0.0,2797201.0,False
xmeas_32,float64,0.3744720856447591,1.7570444109644183,0.9049779694852174,0.10734858276115739,0.0,2797201.0,False
xmeas_33,float64,11.56466590972535,26.482304864820343,16.27103771749134,0.6275363134678973,0.0,2797201.0,False
xmeas_34,float64,3.5672352204466864,6.683899828589799,5.361928836868604,0.2607143989997744,0.0,2797201.0,False
xmeas_35,float64,5.134554974665599,7.752260143831023,6.612024831366281,0.11823064262489509,0.0,2797201.0,False
xmeas_36,float64,2.4839007959749693,3.82628051705128,3.2272514700832353,0.07540980507606745,0.0,2797200.0,False
xmeas_37,float64,-0.0320541364946474,0.0539663350772902,0.010929927440803991,0.01001823456293153,0.0,1117301.0,False
xmeas_38,float64,0.335524215736768,1.415538884850338,0.586950082300217,0.04080824139226982,0.0,1117301.0,False
xmeas_39,float64,0.081765542131666,0.3019391209848978,0.18722117911400474,0.015364717553046655,0.0,1117301.0,False
xmeas_40,float64,51.21011352930834,57.18601719716029,53.79975070976302,0.5150539863726757,0.0,1117301.0,False
xmeas_41,float64,41.05140945199938,46.71042069619698,43.93522412351748,0.5174166850116418,0.0,1117301.0,False
xmv_1,float64,59.81096429607855,66.39462810828776,62.90852200294946,0.2623503098605488,0.0,5597301.0,False
xmv_2,float64,50.41598976717719,56.43185131158111,53.20497842619515,0.2858927807634381,0.0,5597300.0,False
xmv_3,float64,0.0,100.0,29.407333620026506,14.058697830728146,0.0,5444092.0,False
xmv_4,float64,55.24621743781717,76.3388967792391,60.87948262429506,2.460366382714886,0.0,5597299.0,False
xmv_5,float64,1.0,1.0,1.0,0.0,0.0,1.0,True
xmv_6,float64,0.0433527063585264,100.0,26.41355114920589,7.444030857650161,0.0,5584871.0,False
xmv_7,float64,34.67726628352456,41.43161513308335,37.27278629087555,0.28088871900541673,0.0,5597301.0,False
xmv_8,float64,44.42813900125845,48.4630496590266,46.43822814551017,0.16810249656711732,0.0,5597300.0,False
xmv_9,float64,1.0,1.0,1.0,0.0,0.0,1.0,True
xmv_10,float64,30.74792708900382,44.6571737323749,36.09067726563748,0.820517038445393,0.0,5597301.0,False
xmv_11,float64,0.3002153749862133,21.423704904218607,12.520686029708784,1.6919007340686143,0.0,5597301.0,False
