epoch,train_mse,validation_mse,best_epoch,bad_epochs,elapsed_seconds
1,0.6689393424617194,0.6052253002641872,1,0,24.90223909999986
2,0.6021336230736382,0.5994431151432849,2,0,49.64087180000024
3,0.5991660233135727,0.5979482639932997,3,0,74.3889607000001
4,0.5980331832586675,0.5977712801112794,4,0,99.10696520000056
5,0.5974372763884324,0.5966050744061724,5,0,123.66560070000014
6,0.5970923100140193,0.5968797750323176,5,1,149.13858170000003
7,0.5968579936845197,0.5964770549537652,7,0,173.89233270000022
8,0.5966297610141953,0.5958265456868205,8,0,198.86851690000003
9,0.5965115690478389,0.5962247856373234,8,1,223.7780346999998
10,0.596372783301702,0.5964703418321945,8,2,248.61595829999987
11,0.5961736290213093,0.5964301826585542,8,3,273.51195759999973
12,0.5961787082694238,0.5955741165953672,12,0,298.29520070000035
13,0.5961333399874295,0.5957807290085813,12,1,323.0743616999998
14,0.5960050262464819,0.5958769701294688,12,2,348.04449100000056
15,0.5959617427740749,0.595926869151074,12,3,373.01714400000037
16,0.5959099779563158,0.5967804923094314,12,4,397.8356595000005
17,0.5959208828415248,0.5954239497552885,17,0,422.80394049999995
18,0.5958194207798073,0.5951542515561954,18,0,447.8588156000005
19,0.5956947327307234,0.5956510750761725,18,1,472.87046869999995
20,0.5957385725572673,0.5960084757991648,18,2,497.4257544000002
21,0.5957139192938128,0.5953340366430994,18,3,521.8566775999998
22,0.5956143285649929,0.5955594441071368,18,4,546.6079589000001
23,0.5956130472342526,0.595611916241023,18,5,571.5419883000004
24,0.5955355409454658,0.5948636847204701,24,0,596.4501891999998
25,0.5955379262489359,0.5956345159572615,24,1,621.5437037000002
26,0.5954802277615827,0.5958138274122639,24,2,646.4406895000002
27,0.5954687480364145,0.5951065034368127,24,3,671.3856696000003
28,0.595454948936131,0.5950689959774133,24,4,696.1458143
29,0.5953949107348463,0.5949964280037314,24,5,720.7112902999997
30,0.5953933084978753,0.5949706162588156,24,6,745.6931690000001
31,0.5953433188779131,0.5948850323148377,24,7,770.6235504000006
